卦號	卦名	卦辭	關鍵	六十四卦的序列	相關詞	運勢	願望	愛情?關係	婚姻	個性	事業和策略	住宅	行情	旅行	生病?病狀	爻辭1	爻辭2	爻辭3	爻辭4	爻辭5	爻辭6	爻辭7	爻辭8
1	乾	乾。天行健，君子以自強不息。	乾為天是六爻皆陽的全陽之卦。	有天地然後萬物生焉。	"剛健,創始,高尚,統治,命令,偉大,狂暴,忙碌,對普通人為凶卦,過度自信。"	大人物乘風雲而活躍。 擴大時。	"對普通人來說期望太高,有空轉的疑慮。因為貪婪會變成失望,所以要退而求自保。"	"彼此的主張太強烈,不和睦。 現在最好抑制一切。"	"對彼此期望太高而難以達到共識,。 即使婚後，尤其是女方特別會發生強烈的衝突。也有可能分離。"	"剛健,積極的,自尊心強,領導力強,傲慢。"	超過能力的擴張是沉重的負擔。 回到原來的狀態會比較好。	超過必要的新建築和擴建應暫停。搬遷宜推遲為吉。	"如果低點持續，行情將落到最低點,。有上升趨勢的將不停上漲,但不要過於倉促的判斷。"	旅遊是麻煩的，凶。公共的東西和有用處的東西，吉。	"頭痛,腦出血,頭部受傷,胸部?心臟疾病,骨病(乾是骨,坤是肉),大熱。注意不要忽視治療,因為疾病可能會急劇變化。"	"* 從底部計數,九表示陽?六表示陰(例如「初九」表示最底的陽的爻)"	"初九 潛龍勿用。 （一條象徵陽的龍潛伏在底部位置,不能移動。 ） →切勿躁進,即使有力量也不要行動,凡事應當靜待時機。"	"九二 見龍在田，利見大人。 （一條潛伏在地下的龍出現了。 像一個偉大的人一樣保持你的美德。 ） → 這時最好能積極主動,以獲得大人物最大的信任。"	九三 君子終日乾乾，夕惕若，厲無咎。 （君子整日努力不懈怠、埋頭苦幹，夜晚更要自我反省警惕。 這樣注意的話是雖處於危險狀態但可免於罪咎 ） → 繼續鑽研，更努力充實不要怠惰。小心不要犯錯。	"九四 或躍在淵，無咎。 （龍是飛還是不飛,一直沒有下定決心，就這樣一直在深淵。看清形式，雖有進退兩難的窘境，至少可以免於罪咎。） → 迷惑或懷疑,但仍沿路走。是進退和決斷的最重要的時候。"	"九五 飛龍在天，利見大人。 （龍得時而飛於天。像一個偉大的人一樣保持你的美德。 ） → 當運氣好的時候。發揮你的才能,並取得成果。然而,它對普通人而言是重負。"	"上九 亢龍，有悔。 （意指居高位的龍，此有高傲之意。過猶不及，龍上升得太多,不能下降。如果移動將會後悔。 ） → 進一步擴張是失敗的根源,因此應努力維持現狀。捨棄慾望,保持謙卑的感覺。"	用九 見群龍無首，吉。 （見到一整群的龍，沒有領頭的。吉。不試圖成為領頭是好事。 ) → 用剛強的力量試圖成為領頭會招凶。謙遜和保持平穩關係的態度為吉。 ※ 只賦予乾為天和坤為地用九?用六的辭。這是使用這兩卦進行判斷並行動時應該注意的原理原則。
2	坤	坤、元亨。利牝馬之貞。君子有攸往、先迷、後得主利。西南得朋、東北喪朋。安貞吉。	坤為地是六爻皆為陰的全陰之卦。	有天地然後萬物生焉。	柔順、服?、?厚、?容、勞苦、多?、常人、平凡、維持現狀	"猶豫不決,有很多照顧需要操勞的時期。"	通過跟隨長輩，逐漸實現。 不斷持續努力。	缺乏活力單調的關係。雙方都沒有進展。需要明確地表示。	無法決斷，難以達成共識。整理原由。婚後是平凡安穩的生活。	內向的被動性格。 像一個家庭婦女。		即使有一些不滿也要忍耐。 擴建或改造是可以的。還不是搬遷的好時候。	低落不久後將會上升，現在是上升波瀾的瓶頸。難以預料。	"平安的旅程。西南方的話有同行者為吉,東北方的話一個人為吉。回家鄉，吉。"	"憂鬱、健忘症、過勞、胃腸、脾臟、肝臟等腹部疾病、皮膚病。病勢不好不壞，穩定，病勢沒有惡化,治療也沒有進展。 精力很重要。"	"* 從底部計數,九表示陽?六表示陰(例如「初九」表示最底的陽的爻)"	"初六 履霜堅冰至。 （腳下踩著秋霜，顯示寒冬已近，將會結成堅硬的冰。 ） → 從小事開始,也會變得難以照顧。有衰運的跡象。重要的是要謹慎,不要忽視。"	"六二 直方大，不習無不利。 （坤代表的地面是筆直的,方形的,大。有這種美德的話,即使沒有去學習,無論向哪走也不會有不好的事情。） → 獲得長輩的信任,可以看到良好的進展。希望成真,看到快樂時。"	"六三 含章可貞。或從王事，無成有終。 （內含文章之美而可以以此安定自守，但或者也可以選擇跟隨於王者做事，雖不能有所成就但也可以有個歸宿。 ） → 即使有天賦和能力,也不要炫耀,應謙遜。能做到是因為有很大的智慧。再忍耐中有進展。"	"六四 括?，無咎無譽。 （將袋口綁緊，比喻人應當謹言慎行，以求得沒有罪咎。） → 不張揚地展示你的天賦和能力。需了解平穩的價值。沒有重大的失敗,也沒有特別的成果。"	"六五 黃裳，元吉。 （大地黃的衣裳，黃裳比喻性情柔順而中庸。六五柔中，又處尊位，有美德而能自然表現於外。 ） → 即使有天賦,也不要驕傲,即使有力量,也不要炫耀,服從長輩是好事。不要著急,以冷靜和寬容的態度去做事。"	"上六 龍戰于野。其血玄黃。 （當陰上升,並變得活躍時,不能不與陽(=龍)戰鬥。陰陽都受到傷害,代表天的黑色和代表地的黃色血液流淌。 ） → 忘記自己的本分,好高騖遠,結果產生衝突。瀕臨破產和落魄。通過抑制憤怒和自我警告來求得平安。"	"用六 利永貞。 （宜於永遠貞定。 ) →全陰的坤為地有柔順和謙虛的性質,抑制了讓人感受到陽的自我主張,通過不變可以喚回吉。 ※ 只賦予乾為天和坤為地用九?用六的辭。這是使用這兩卦進行判斷並行動時應該注意的原理原則。"
3	屯	屯、元亨。利貞。勿用有攸往。利建侯。	"乾為天,坤為地的二掛相交後,所產生的卦象就是水雷屯。"	盈天地之間者唯萬物。故受之以屯。屯者盈也。屯者物之始生也。	"起頭困難,困擾,痛苦,急躁,耐心,前有障礙。"	開始任何事情都有困難。克服困難，努力是必要的。	"有很多麻煩和困難,但忍耐之後願望會成真。"	"有阻礙,暫時不能按自己所想的進行。獲得良好的理解是好事。"	"很難取得進展。 即使結婚了,短時間內還是有困難。在耐心之後成立。"	"有很多隱藏在內在的東西,內向的性格。為有天賦但無法發揮而痛苦。"		當有困擾的時候。 新建築不會朝理想的方向前進。	"環境和材料不好,但欲跌而未跌。有逐漸上升的預兆,但請保持警惕。"	"旅行中容易出現問題。如果可能的話,最好改期。"	消化不良、腎臟、腹瀉、女性荷爾蒙紊亂、兒童癲癇、行走困難等疾病。	"* 從底部計數,九表示陽?六表示陰(例如「初九」表示最底的陽的爻)"	"初九 磐桓。利居貞。利建侯。 （難以前進,猶豫不決。 堅持正確的態度是好的。 與有影響力的合作者建立關係。 ） → 前方有困難。最好不要擅自採取行動,不如說是不要採取行動較佳。以謙遜的態度與合作者建立良好的關係為好。"	"六二 屯如、邅如、乘馬班如。匪寇婚媾。女子貞不字、十年乃字。 （人馬聚集而盤旋不進，騎著馬在原地打轉。來者不是盜賊，而是來求婚者。女子因為守貞，因此一直未能懷孕生子。十年之後，才終於婚合而懷孕生子。） → 在困難中進退兩難,無法解決。通過持續怒力不輸給困難,花時間好運將會到來。女人的婚姻也需要時間。"	"六三 即鹿無虞。惟入于林中。君子幾不知舍。往吝。 （到山林裡打獵，沒有守山林的人帶路就貿然進入，其危險可知。最好能知難而退。若一意前往，將自取其咎。 ） → 失去目標,努力空轉的時候。一旦意識到錯誤,就回頭看。如果強迫自己前進,會陷入困境。"	"六四 乘馬班如。求婚媾、往吉無不利。 （騎著馬在原地打轉，想要求婚合。勇往直前則吉，無所不利。） → 在進退中猶豫不決的時候,最好與現在的合作者合作。向晚輩求婚為好。"	"九五 屯其膏。小貞吉、大貞凶。 （應施捨的恩典,但很不情願。如果是小事的話,只要保護正道為吉,但如果是大事的話，即使捍衛正道也不能免於凶。 ） → 才華橫溢,但不被時機眷顧。事情不會像想像的順利。小小的希望會成真,但是如果你強迫自己做大事,你會感到挫折。最好等待時機。"	"上六 乘馬班如。泣血漣如。 （騎著馬在原地打轉乾著急，痛哭流涕至於泣血不止。 ） → 不備時機眷顧,對進退感到痛苦和悲傷的時候。應本著誠意努力扭轉現狀,而不是嘗試新事物。"	
4	蒙	蒙、亨。匪我求童蒙、童蒙求我。初筮告。再三瀆。瀆則不告。利貞。	"山（?)下有水（?）,一開始是小溪,最後是一條大河。"	屯者盈也。屯者物之始生也。物生必蒙。故受之以蒙。	蒙昧、幼稚、稚拙、初衷、初步、迷失方向、因缺乏思考而失敗、努力與助力的加成效果、擔心小孩。	剛開始一點也不明顯的事也逐漸發展。目前的學習將極大地影響未來的吉凶。	"沒有制定方針,現在不成馬上實現。當付出努力的時候。最好聽從長輩的建議。"	"因為人性不成熟,所以有很多麻煩,不能變得親密。由於家庭原因,它可能無法取得進展。"	"有一個障礙和麻煩,沒有浮出水面。如果就那樣結婚了,前景不佳。為時過早而推遲是有好處的。"	"感情是厚實和真誠的,但有某些地方,缺乏理解。"		"房子有很多的不足。特別需注意漏水。在搬遷的情況下,最好暫時暫停。"	"沒有好材料,將繼續低迷,但從長遠來看,這是有希望的。如果要出手的話,暫時須慎重。"	"有操心事,最好停止。在旅途經常發生不愉快的事情,天氣也不好。"	"神經官能症,神經衰弱,耳鼻病,肺病,小腸疾病,腹瀉,手腳冰冷,腎病,四肢疼痛,動脈硬化,女性荷爾蒙紊亂。"	"* 從底部計數,九表示陽?六表示陰(例如「初九」表示最底的陽的爻)"	"初六 發蒙。利用刑人。用說桎梏、以往吝。 （啟發蒙昧無知的人，宜於實施刑罰於人，以刑罰為教育之手段。如果反過來赦免他們，讓他們脫掉腳鐐和手銬，以此縱容下去會造成悔恨。 ） → 遵守法律、規則和承諾,堅持正確的道路是很重要的。 事情的好壞需十分明確判斷時。 妥協是後悔的之本。 然而,若過於嚴格,就有可能造成怨恨。"	"九二 包蒙、吉。納婦、吉。子克家。 （包容童蒙,是好。 (把六五看做婦人)接受妻子的蒙昧是好。(把六五看做雙親) 有能幹的兒子能夠幫助持家。 →九二下卦坎中，剛中而應於六五，接受六五的蒙昧是好。雖有不走運的時候，但須放寬胸懷。看品德好的人結良緣為好。 *在六十四卦中,沒有對應的爻，分別規定「初×四」、「二壘×五壘」和「三壘×上壘」。 這稱為應爻。"	"六三 勿用取女。見金夫、不有躬、無攸利。 （不宜娶妻。因女子見到有錢男人就失身，這女的沒什麼好的。 ） → 只為利己的政策是錯誤的,失去信譽,跌倒,失敗。不深思熟慮,按照自己的慾望衝動行事是不行的。家庭變得不安穩的時期。婚姻為大凶。"	"六四 困蒙。吝。 （六四自身的陰爻沒有力量,成為應爻的初六也無助於受蒙昧而苦的狀況。如果得到這個爻,應該感到羞愧。） → 由於思慮不周而失敗時。注意人際關係的中斷和孤立無援。找一位好老師,接受啟蒙運動,並努力學習。"	"六五 童蒙、吉。 （六五在高處,但請求應爻的九二的教導。 這種蒙昧但純潔的態度是好。 ） → 有一名好老師,磨練你的能力,提高你的技能。接受智者的教導,消除自己的缺點,擺脫困難。"	"上九 擊蒙。不利為寇、利禦寇。 （因為在最高位置有陽爻,所以有足以攻擊蒙昧的剛強。 但是,過度越界攻擊(盜賊)是不好的。相反,能夠防止外部攻擊是好。 ） → 試圖消除蒙昧是好的,但很容易走得太遠。當你面對對方時,要以寬容和熱情來理性地回應。小心盜竊和暴徒等危險。"	
5	需	需，有孚。光亨。貞吉。利涉大川。	"即使水（?）在天（?）上,也不下雨,每個人都在等待下雨的狀態。"	蒙者蒙也，物之稚也。物稚不可不養也，故受之以需。	"湖中之龍,等待機會,前途困難,自重,耐心,為時尚早"	"現在,應該積累能力,培養智慧,等待機會。需要有空間的態度,不要著急。"	"等待時機成熟,然後繼續前進。 積極性應被抑制,並被動地競爭。稍等一會,就會成真。"	"關係不會輕易加深,如果不耐煩,以強迫的方式的話，會出問題。"	"由於沒有得到周遭的理解與合作,沒有進展。冷靜下來,等待機會,自然而然會完整。"	內有隱藏勇氣的雄心。耐心等待機會的人。堅定的類型。 未來成長股。		新居?改建?搬家、最好暫停。還不到時機。	"有上升的跡象,但目前還不是時候。等一等,可以看到飛漲的勢頭。"	"強行的話會有意想不到的麻煩,。最好延期。在旅途,會遭遇惡劣天氣或擔心食物中毒。"	頭痛、消化不良、中耳炎、肺部疾病、胃腸道疾病、受傷等。	"* 從底部計數,九表示陽?六表示陰(例如「初九」表示最底的陽的爻)"	"初九 需于郊。利用琚C無咎。 （滯留於郊外，宜有琱腄A沒有罪咎。） → 放棄任何前進或冒險,靜靜地等待機會到來。保護你的日常工作,不要把重心轉向別的事情。"	"九二 需于沙。小有言，終吉。 （滯留於沙地上，遭到輕微的言語中傷，最後為吉。） → 有天賦和能力,但還為時過早。專心等待。避免與他人爭吵、親和的態度很重要。"	九三 需于泥。致寇至。 （滯留於水邊的泥濘，引來了盜賊。 ） → 一定會受到嚴重的干擾。抑制急躁，保持謙遜的態度。盜竊、疾病和水難可能由他自己的言行引起。	"六四 需于血。出自穴。 （滯留於溝瀆之中，等敵寇離開之後，離開所躲藏的洞穴。） → 足以見血般的危險。不僅要等待,而且要堅守現狀,祈禱安全。"	"九五 需于酒食。貞吉。 （滯留於酒食，享受酒食，貞定為吉。 ） → 等待到現在,當願望終於成真。不要因為感到安心而心動,以謙遜的態度祈禱不要忘記本分。"	"上六 入于穴。有不速之客三人來。敬之終吉。 （因逃難而躲入洞穴之中，有不速之客三人來，禮敬他們，最後則吉。 ） → 陷入困境,但如果沒有失去禮儀,會得到意想不到的助力。尊重他人的智慧和才能是很重要的。"	
6	訟		上面的乾（?）用強權抑制下邊，下邊的坎（?）無法忍受苦難而向上上訴而鬥爭。	需者?食之道也。?食必有訟。故受之以訟。	訴訟、爭議、分歧、背叛、叛逆、和解	有很多口角和爭吵，很容易缺乏人際關係的圓滑。特別注意與大人之間的衝突。 輸才是贏。	許多差異是難以實現的。	由於意見分歧和想法的偏差，關係不好。	不管怎樣，有很多衝突。不斷分居，恐怕會離婚。最好拒絕婚事。	忤逆他人，很難與周圍環境相合。理性的性格。有很多敵人		很容易發生租賃相關的糾紛。	材料和價格不相符。	如果強行實施，將產生差異。	頭痛、神經官能症、腹瀉、失眠。								
7	師	師，貞。丈人吉。無咎。	下卦（?）的陽爻被推到大眾之下，表示成為統帥，並前往戰鬥。	訟必有?起。故受之以師。	戰鬥、率眾戰爭、領導人群、緊急狀態	一個有力量的人領導著周圍的人肇事。	有很多擔心事、願望不會實現。合乎身分的話會有徵兆。	一種像是隱密進行的戀愛。	對方有外遇，如果拒絕則無事。	好勝心很旺盛。		在目前的住房中，得不到平安。	有波盪的狀況而有下降的跡象，缺乏研究是一個很大的損害。	在團體旅行時，請注意領導人員的能力。	如中耳炎、腹痛、結石、腎病、月經不順等。								
8	比	比，吉。原筮，元永貞，無咎。不甯方來。後夫凶。	水在地上，水和地很親近。	師者?也。?必有所比。故受之比。	親和、友誼、平安、順從上級、有很多照顧困難、快速是吉、延遲是凶、犯桃花	通過加深與周圍人的友誼，招來了運氣。	如果友誼是敦厚和廣泛的，通過介紹等實現願望。	最好儘快加深友誼。彼此吉。	很幸運被姻緣眷顧，所以在選擇上猶豫不決，但應該儘快做出決定。	給人印象是柔和的，被別人信任和喜歡的人。		沒有特別的問題，但不被陽光眷顧。	雖然在低位保持穩定，但只要是績優股的話，在長期政策中繼續保持為好。	獨自旅行不好，但團體旅行等多人旅行是好事。	眼病、胃痛、食物中毒、腹膜炎、胸痛、慢性疲勞等。	* 從底部計數，九表示陽?六表示陰(例如「初九」表示最底的陽的爻)	初六 有孚比之、無咎。有孚盈缶、終來有它。吉。 （保持初心的話，沒有罪咎。誠意有如盛滿瓶的水，最後人們會附和，意外的之喜也會造訪也說不定。） → 不要忘記初心保持正確的態度。 會有一個來自圓滑的人際關係的意想不到的好消息。真誠地對待別人是有好處的。	六二 比之自內。貞吉。 （與親近者加深和睦是好事，守正為吉。） → 不需要在遙遠的地方尋找有才華的人，重要的是與熟悉的人加深和睦。	六三 比之匪人。 (對方不是應該親近的人。是惡人，凶。) →對方是一個不值得交際的人。有可能遭受損害。注意傾聽第三方的意見。	六四 外比之。貞吉。 （最好停止與不正當的人交際，親近比自己年長的聰明人。通過這樣做，可以堅持正確的道路。） → 通過與上層人物接觸來開運。不需要在意第三方的眼光。	九五 顯比。王用三驅失前禽。邑人不誡。吉。 （王者之親比，極其顯耀。就像國王的狩獵一樣，只包圍三個方向，不追逐逃跑的獵物，只捕捉走來的獵物。國王領地的村民也無須保持警戒。 這是一個吉。） → 不拒絕過來的，不追逐那些離開的人。以寬容的美德對待大眾，贏得信任和人望的時候。 有很多的照顧困難，但成果是巨大的。如果貪婪地伸出手來，會失去利益。	上六 比之無首。凶。 （親比而沒有一個頭，凶。） → 由於封閉的態度，沒有親密的朋友。孤立的狀態。 改變心態再次積極與人建立友誼的時候。	
9	小畜	小畜，亨。密雲不雨。自我西郊。	雖然一陰擋住了五陽，但長期無法阻擋，只能阻擋一點點。	比者比也。比必有所畜。故受之以小畜。	停止一點點、積累一點點、不能前進、一點訓練、學術、等待機會、挑剔、欲求不滿、憂鬱。	當不能像想像的一樣前進時，注意小事故。 停滯不前的狀態。	會有一點障礙，但最終會成真。	為時過早。 溝通有障礙，不能如自己所願。	即使想要完成婚事，也很難做到。	內在是剛健，外在是柔和的。		搬遷是好的，但如果是長住的話是不足的。	雖然有上升的趨勢，但似乎有點障礙而有稍微休息的樣子。	小心小麻煩。	氣虛、頭痛、歇斯底里、絕食、肺結核、咳嗽等。	* 從底部計數，九表示陽?六表示陰(例如「初九」表示最底的陽的爻)	初九 復自道。何其咎。吉。 （走正道，回歸走自己的路，有什麼罪咎可言？吉。） → 通過恢復自己的原始道路來獲得吉。現在不是向前邁進的時候。不合理的前進可能導致妨害和損失。	九二 牽復。吉。 （被正確的人牽著，回到原來的道路是好。 這樣做的話，結果是吉。） → 被朋友阻止前進，安全的時候。如果正在計劃某事，會發生障礙而中止或延期。 計畫大事，通過調整內部可以發展未來的運氣。	九三 輿說輹。夫妻反目。 (固定車輪軸的革繩脫落了，夫妻兩人反目成仇。) → 儘管條件不好，但必須向前邁進，受到損害。當關係被輕視時，衝突就會發生。現在可以保持不動，磨練你的技能。注意婚姻關係和交通事故。	六四 有孚。血去惕出。無咎。 （通過陰爻得到陰位，帶有誠意的話危險和恐懼也會消失。沒有怨懟。） → 即使面對危險也不要著急，需要有空間去接受它。如果真誠回應就會沒事。可以借用長輩的力量來解決它。	九五 有孚攣如。富以其鄰。 （有誠信又能提攜他人，有財富而能與鄰居分享。） → 與周圍的人親密接觸是好的時候。 當有經濟利益時，與他人分享而不是壟斷是很重要的。	上九 即雨即處。尚德載。婦貞厲。月幾望、君子征凶。 （雨已經下了，也已經停了。陽尊崇陰的德性，陰的德性充滿而抑制陽。以夫妻來說，就是妻制衡夫般的不容易，近月圓之時，是可以匹敵太陽的存在。君子出征不利，凶。） → 在這之上的前進被阻止和妨害。當一個不應該站在上面的人控制了現場時，它就會倒下。不要大意，謀求充實內部。	
10	履	履虎尾不咥人。亨。	如果跟在剛健的乾（?)之後行走，就會擺脫危機。如果有讓人開心的兌（?）的態度，會被寵愛。	物畜然後有禮。故受之以履。	禮貌、抑制、柔順、跟從有實力的人、長輩的寵愛。	無論做什麼，應該採取謙遜的態度。尤其是對上頭的人，要服從。	如果過度自信地推行，就不會實現。	有尊重上司的意思，如果柔和接觸，就會實現。	像是乘坐著轎輦般的婚事。 不是門當戶對，但會幸福。	溫柔且有禮貌，但說話方式很爽朗。		不能新建。 擴建和改建如果是小規模的話，良。	注意突然下降，雖然有沿著上升的趨勢。	需要有充分的準備和規劃。	精神病、口腔疾病、胸部疾病、心臟病、咽喉、胃腸道疾病、性病等。	* 從底部計數，九表示陽?六表示陰(例如「初九」表示最底的陽的爻)	初九 素履。往無咎。 （遵循一直以來的道路。 沒有罪咎。） → 需以自己的本來的樣子處理事情的時候。最好不要被第三方的意見所迷惑，並牢牢地保護你的本職。如果同時進行，就無法順利。	九二 履道坦坦。幽人貞吉。 （如果走在平坦道路上的是像隱士般的人物的話，守護正道，吉。） → 做應做的，像往常一樣安靜。匆忙、和往常不同是不好的。剩下的事順其自然為好。	六三 眇能視、跛能履。履虎尾咥人。凶。武人為于大君。 (一眼盲也能看見，跛腳卻想去踩。這個狀態去踩老虎的尾巴，那個人會被咬吧。所以是凶。如一個武人般殘忍的人的話可以有大成就。) → 由於過度自信經歷了挫折和失敗。如果保持謙虛的態度，無事。	九四 履虎尾。愬愬終吉。 （即使踩在老虎的尾巴上，如果從平常就小心不要犯錯的話，最終也會是吉。） → 以謹慎的態度處理事情時。 必須避免大意或輕率的行為。在預想危險或損害時，會無法冷靜下來。	九五 夬履。貞厲。 （毫無疑問，毫不猶豫地踐踏自己。即使這種行為是守著正確的道路，也存在危險。） → 太嚴格了，被別人反感，並受到指責。不要單獨行動，而要與眼前有才能的人合作為好。	上九 視履考祥。其旋元吉。 （神會看到人們踐踏的行為，使禍福的徵兆現實化。如果這種舉止從頭到尾都不是浪費，那大吉。） → 反思自己的言行，並在此基礎上採取行動，一切都進展順利。 接受前人的智慧和第三方的意見也很重要。 需注意自我主張會讓運氣不好。	
11	泰	泰，小往大來。吉。亨。	乾（?）的氣由下而上，坤（?）的氣從上而下，天地之氣相交。	履而泰，然後安，故受之以泰，泰者通也。	安泰、安定、維持現狀、和合、親和、和諧、內剛健、外柔順、男女關係和睦、協調、怠慢、大意。	一切安然無事，但請勿大意和怠慢。	與周圍環境合作，以正面進攻，就會實現。	彼此的感情交織在一起，和睦相處且安泰。身心平衡的關係。	相性很好，成為夫妻關係也會安泰。	一個冷靜和安定的性格。		暫時沒有當面的不滿，但不會持續太久。	如果穩定狀態持續，預計隨後將上升。	這是一個平凡但有趣的旅行。吉。	肺部疾病、胃腸道疾病、腹部張力、身體倦怠。	* 從底部計數，九表示陽?六表示陰(例如「初九」表示最底的陽的爻)	初九 拔茅茹。以其彙。征吉。 （茅(犬科植物)當試圖拔掉時，根是相連的，它和同類植物一起被拔掉。像這樣結束然後繼續前進為吉。） → 需和夥伴一起結束然後從事工作。 即使是一個人能做的事情，也避免獨自作業，要與他人協力合作，分享利益的態度更能帶來好運。 運氣上升之時。	九二 包荒、用馮河、不遐遺、朋亡、得尚于中行。 （連髒東西也包容，但也有步行穿過大河的大膽。有時，通過邀請遠距離的智者，失去附近朋友的友誼。然而，如果不被私人感情左右的話，將保護中道，並獲得吉。） → 不要被私情左右而忘記大義。帶著寬容的心，用政治策略來從事工作是有好處的。當運氣好的時候，應該避免單獨行動或擴大超過必要的擴張。把精力投入到維持現狀上時。	九三 無平不陂、無往不復。艱貞無咎。勿恤其孚。于食有福。 (沒有不傾斜的平地，離去的一定會再回來，艱苦守正則可免於罪咎。不要擔憂，不要違背承諾。在「食」上有福。) → 可以看見有傾向順利的運氣的跡象。 無論如何，要集中精力維持現狀。試圖掩蓋缺點，並嘗試新事物就會失敗。如果以正確的態度處理事情，就不會有災難。必須盡可能減少開支，但飲食習慣不會有任何不便。	六四 翩翩。不富以其鄰。不戒以孚。 （當鳥飛下時，陰的爻回到它的地方。自己沒有利益，但六五和上六的鄰居一起回來。沒有發出警告，但會按照承諾聚集而來。） → 當衰運來臨時。全力將注意力集中在維持現狀上。不要對新事物出手。以謙遜的態度與周圍的人（如長輩、下屬、朋友）合作是有好處的。	六五 帝乙歸妹。以祉元吉。 （帝乙把最小的女兒嫁給下面有能力的人。因此而有福祉，大吉。） → 雖然運氣不好，不要炫耀自己的地位或身分，應該以謙遜的態度與下面的人合作。從表面上看起來似乎很安泰，但大意是禁忌的。不要放鬆警惕，盡量保持現狀。與初衷不同，接受一些艱苦是好的。	上六 城復于隍。勿用師。自邑告命。貞吝。 （城牆倒塌成為一片廢墟，這種時候想使用武力來挽回是不可行的。只是提早滅亡而已。什麼命令都不下的君主開始難以坐觀，領地裡的村落開始反抗命令。這可以說是是捍衛正道，但作為君王是非常可恥的。） → 安泰的運氣已經過去，因為衰運而嘗到嘆息的時候。 失去財產、人際關係和信用等所有的東西。試圖挽回的動作是反效果的，所以只能安靜地看著事情的結局。	
12	否	否之匪人。不利君子貞。大往小?。	乾（?）的氣上升，坤（?）的氣下降，天地之氣不相交。	物不可以終通，故受之以否。	堵塞、亂世、不和諧、失敗、落魄、破產、倒閉、拆夥、欺詐、陰謀。	運氣正在衰退和堵塞。無論做什麼，都不會成行。	通往希望的道路被封鎖了，不會實現。如果改變心態的話，以後能實現。	如果現在有對象的話，有分離的跡象。	沒有姻緣。 即使有也不會在一步之內達成共識。	內心是度量小且膽小的。有性急的地方。		光照不佳，衛生條件不好。	沒有動作時。	如果可能的話，最好取消。	腦疾、憂鬱、咽喉阻塞、喉癌、聲帶疾病、肺結核、血液不順、血塊、過度勞累等。	* 從底部計數，九表示陽?六表示陰(例如「初九」表示最底的陽的爻)	初六 拔茅茹。以其彙。貞吉。亨。 （當試圖拔掉茅(犬科植物)時，根是相連的，它的同類陰三爻全部一起脫落了，因為還沒有變得那麼糟糕，如果改變心態，並堅持正確的道路，會成為吉，並實現希望。） → 出去玩，選擇朋友的時候。 如果做出錯誤的選擇，會走錯路而失敗。如果和好朋友合作，就會得到吉。然而，即使願望很多能實現的也只有了了無幾。	六二 包承。小人吉，大人否。亨。 （雖然陰爻陰位的六二是小人，但因為知道中庸和正義，所以接受君子的話是吉。在大人的情況下，即便自己的道路堵塞也不為所動的接受，願望會實現。） → 跟隨上司，不過度相信自己的能力，並作出應有的努力，吉。過度信任會惡化人際關係，甚至會遭來怨恨。普通人的願望很容易實現，但大人物的運氣卻停滯不前。	六三 包羞。 (雖然想做壞事，但心裡還是感到羞愧。) → 儘管從表面看是無災無難，但內心隱藏著邪惡和弱點。當過度相信自己的能力的同時做事的話，會失去面子，感到羞愧。	九四 有命無咎。疇離祉。 （如果面對應有的命運，跟從志向也不會有罪咎，志同道合的人可沾附其福祉。） → 從堵塞的運氣中，終於出現了好運的跡象。如果以真誠的態度對待，不僅是自己，甚至是招徠周圍的人的好運。不要大意並懈地努力。	九五 休否。大人吉。其亡其亡，?于苞桑。 （可以讓堵塞的氣運休息，並恢復到太平。那只有大人物才能做到。這些人會警告自己說「這會導致滅亡這會導致滅亡」。把東西綁在堅固的桑樹的根上，確保自己的安全。） → 當一個有能力的人終於能夠展示自己的能力時。問題和障礙消失了，可以放心地向前邁進。然而，由於大意是挫折的根源，所以要做好充分的準備和注意。	上九 傾否。先否後喜。 （阻塞的否道被覆蓋傾斜。運氣一開始是封閉的，但最後會有快樂。） → 被封鎖的運氣終於開通了，當到目前為止的艱難和努力得到回報時。不要期望一切都能成真，而要對八成的成功感到滿意。這樣做，可以逐漸擴大。	
13	同人	同人于野。亨。利涉大川。利君子貞。	內卦的離（?）的火氣上升，與外卦的乾（?）的天同在，一起閃耀。	物不可以終否，故受之以同人。	相同的志向、協力一致、公共。	最好比起私事上優先公事較佳。	如果和同志們一起合作，會實現大成就。	當與有地位和能力的人合作時，會有許多對手，並且容易發生爭鬥。	有找到金龜婿的運氣。	和任何人都能打交道，交際手腕很好。		一個採光好，像是很多人聚在一起的房子。	良好的材料會大幅上升的勢頭。	團體旅行等複數人數為吉。避免獨自旅行。	腦病、精神病、眼病、胸悶、肺病、腰部疾病、失眠、高燒、流感、傳染性疾病。	* 從底部計數，九表示陽?六表示陰(例如「初九」表示最底的陽的爻)	初九 同人于門。無咎。 （為了與人公平、廣泛地交往，與人會面(交際)於門外。沒有罪咎。） → 早期發展階段很幸運，但是由於力量不足，運氣不能很好地活用。重要的是不要閉塞，要有廣泛的交際。	六二 同人于宗。吝。 （和九五相應，但應爻是指私人的交際，在同人卦是不好的。如在宗族內的交際。 如果這樣的話，會感到羞愧。） → 同伴意識太強，無法建立廣泛的關係而失敗。自私的態度可能會受到妨礙和誹謗。沒有對人的好惡，要有廣闊的視野。	九三 伏戎于莽，升其高陵。三歲不興。 (軍隊埋伏於草木叢裡，登到高地上看形勢。但經過三年都無法興兵動武。) → 懷著與之不相符的野心，採取了徒勞的策略，沒有機會而徒勞無功。強行競爭會引起麻煩，最好保持和諧的態度。	九四 乘其墉，弗克攻。吉。 （在對手之間隔一座城牆。但有不會贏的自覺。經過苦惱後回歸正到為吉。） → 當行為有錯誤時。指早點放棄折返的意思。雖然感受到苦難和憤怒，但幸運的是，忍受並度過了。	九五 同人，先號咷而後笑。大師克相遇。 （與人會同，先是痛哭，後來大笑。不順服的九四和九三用大軍將敵人打敗，終於可以與六二相遇。） → 一開始有煩心事，但很快就解決，可以放心。從人際關係的麻煩中解脫，運氣發展時。如果以信念為基礎，努力應對來自周圍的干擾，就可以很好地應對。	上九 同人于郊。無悔。 （即使想與人合同也沒有對象。然而，自己在一個孤高的地方，無所後悔。） → 有穩定的運氣，沒有重大的過失或失敗。但被周圍環境的排斥，缺乏發展性。放棄不必要的自尊，靈活地與周圍的人廣泛交往則可以獲得機會。	
14	大有	大有，元亨。	離（?）的火是乾（?）的天之上的卦。	與人同者物必歸焉，故受之以大有。	擁有大的東西，大為保有，大望，名聲。	當運氣上升被眷顧之時。	要達成還為時過早。	與異性交往是好的，但往往會成為多角關係。容易出現問題。	如果彼此有智慧，就會得到祝福，否則負擔很重。	內在是剛健，外在有才能，不拘小節而豪快的性格。		採光好，可以感受到寧靜的房子。	交易活躍，在漲勢中。	往往變得奢侈。	伴有高燒的疾病、神經症、體力消耗、肺病、腹部腫脹等。	* 從底部計數，九表示陽?六表示陰(例如「初九」表示最底的陽的爻)	初九 無交害。匪咎。艱則無咎。 （大有的初始階段，不會因傲慢而受到損害。不應該有罪咎。但對慾望有煩惱時應好好處理。這樣的話還是沒有罪咎。） → 有天賦，但因不成熟而無法施以才華。然而，如果努力的話，就會看到成功的跡象。現在，不該想要很多，而是充實內在，努力鑽研。不要做和身分不相符的事就會沒事。	九二 大車以載。有攸往。無咎。 （像是大車用以承載般，被賦予重任。車很堅固可以遠行，沒有罪咎。） → 充實自身的能力，可以回應周圍的人的信任。當一個人才可以充分發揮。伴隨著困難和責任成名。在有信心的時候繼續做事為好。然而，要小心過度信任。	九三 公用亨于天子。小人弗克。 (諸侯向天子獻上供品般，盡自己的能力為智者服務。普通人的德行不夠則不堪此任。) → 給長輩送禮物，接受支援。因為很容易受到周圍人的嫉妒和批評，要小心自己的行為。比起發展實力，真誠的交往才能成功。	九四 匪其彭。無咎。 （不炫耀，保持低調，無咎。） → 以謙遜的態度贏得周圍人的信任。要慎重，不要一鼓作氣地過度相信。有可能遭到周圍的反感。	六五 厥孚交如。威如。吉。 （當一個真誠的君主以謙遜且有威嚴的態度對待他的臣民時，吉。） → 運氣強大。有地位和名聲時，不要炫耀自己的好運，要真誠地與周圍的人交往。最好起用手下有力的人。	上九 自天祐之。吉無不利。 （跟從六五，會有來自上天的保佑，吉。） → 有能力的部下的共同努力，受到周圍人的信任，安泰。努力取得了應有的成果，一切進展順利。小心不要自私或對太超過的事情出手。	
15	謙	謙，亨。君子有終。	由於艮（?）的地在山下，是一種謙遜之形的卦象。	有大者不可以盈，故受之以謙。	謙讓、謙遜、謙虛、自重、節制、居於人下、幕後功臣。	有很多困難，但通過忍耐，信用會倍增。	對任何事情保持謹慎克制，就會成真。	沒有明顯的進展。	意思難以傳達，進展緩慢。	內在誠實，外在溫柔，謙遜的性格。		接受現狀，忍耐。	到目前為止，處於高點的往往會下降，穩定。	如果在附近，會沒事的。	胃腸道腫瘤、中毒、泌尿系統、腰痛、腹瀉、月經不順、憂鬱等。	* 從底部計數，九表示陽?六表示陰(例如「初九」表示最底的陽的爻)	初六 謙謙君子，用涉大川。吉。 （謙卑又謙卑的君子的處世態度。這樣的態度可以涉水過大河。即使冒險也可以渡過，吉。） → 謙卑得太謙卑了，有機會完成一件大事。但是，如果機會來到面前，要克制站於人前之事。	六二 鳴謙，貞吉。 （因為在陰爻陰位有美德，所以自然和謙卑的名聲響震天下。這樣做是守護正道，吉。） → 謙卑和真誠地與人交往。如果等待上級的提拔，會開運。	九三 勞謙，君子有終。吉。 (被五陰爻所崇拜的陽爻陽位的九三，雖然有很大的功勞，但謙遜，不自滿。人民將服從這樣的君子，最終得吉。) → 需要承擔責任的努力之時。不要試圖擺脫困難，而要透過試圖認真做事的態度，之後會開運	六四 無不利。撝謙。 （在上位，根據陰爻陰位因為有謙遜而無所不利。有地位而不炫耀，能夠發揮謙虛之美德） → 比起自己，先提拔部下中有能力的人為吉。自己的辛勞沒有多大的回報。	六五 不富以其鄰。利用侵伐。無不利。 （不必以金錢就可請鄰居幫忙，有美德就會被喜歡。如果這樣還被人厭惡的話，宜於出征侵伐，無所不利。） → 有必要將謙遜和嚴謹分開使用。為了自衛剛健是很重要的時候。	上六 鳴謙。利用行師征邑國。 （謙卑的名聲在回蕩。因為眾人都變成友方，控制軍隊也變得有可能。 但是力量不足，最多只能征服自治領土。） → 自尊心很高，但沒有實力，事物停滯不前。過度自信不會實現願望。	
16	豫	豫，利建侯行師。	代表地（?）下的雷（?）離開地面，並實現其雄心壯志。	有大而能謙必豫，故受之以豫。	快樂，娛樂，懶惰，準備。	積極走向新目標時。	著急即失敗。如果保持克制，就會成真。	停滯的被消除，彼此愉快地享受。	如果進展順利，將談成婚事，和諧地獲得快樂。	內部是安穩的，外部是行動的。		金玉其外，敗絮其中。	保持上升的勢頭，大幅移動時。	愉快的旅行，但要小心玩得太過頭。	胃癌、食道癌、內出血等。	* 從底部計數，九表示陽?六表示陰(例如「初九」表示最底的陽的爻)	初六 鳴豫。凶。 （受不了快樂，不由自主地大聲喊叫。這種傲慢的態度，凶。） → 能力不足，但想要更多而失敗。不要過分依賴別人，意識到自己的能力時，無事。	六二 介于石。不終日。貞吉。 （陰爻陰位守護著中正，當周圍沉浸在快樂之時，好好保護自己。外觀像一塊石頭。這種考慮是聰明的，在一天結束之前，可以確定吉凶的跡象。因為守護了正道，吉。） → 不多求，堅持守護應得的，會得到幸運。不要去做新的事情。	六三 盱豫。悔。遲有悔。 (對強大的爻的九四試探心意。通過這樣做，自己也可以成長，但最終會後悔。如果遲遲不能悔改，一定會後悔的。) → 不踏實努力，疏忽了腳邊。羨慕他人而不了解自己的能力，失敗。	九四 由豫。大有得。勿疑。朋盍簪。 （通過九四獲得快樂。可以得到許多東西。如果真誠不懷疑別人，志同道合的人會聚在一起，互相幫助。） → 有力量，收集周圍的期待並取得成就。真誠地做事是有好處的。然而，不尋求援助，獨自一人行動將會招來懷疑。 通過聚集有能力的同伴來發展。	六五 貞疾，琱ㄕ滿C （雖然在君位上守著正道，但被剛強的臣民九四所控制。這種情況等於重病患者。沒有死亡就結束了。） → 對有能力的部下感到不快。即使有地位，從他人來的信用非常薄弱。最好捨棄自尊，任用部下較好。	上六 鳴謙。利用行師征邑國。 （即使迷失在快樂之中，也有可能改變。悔改則沒有罪咎。） → 因為好運而大意，失去得到的東西。重新思考自身的力量和事物的本質，並專注於適合自己能力的事。	
17	隨	隨，元亨。利貞。無咎。	如果雷（?）在?（?）內移動，澤的水就會成為波紋，一起移動愉悅。	豫必有隨，故受之以隨。	欣悅跟隨，服從，執著。	當運氣改變時。	如果花時間，就會成真。	很容易被對方的甜言蜜語和誘惑所吸引。	起初，雖然沒有得到對方的答案，但只要花時間就會成立。	有行動力和愛嬌的。		根據情況，搬遷是有好處的。	暫時低迷。	小心旅途的誘惑。	精力下降、性病、消化不良、嘔吐等。	* 從底部計數，九表示陽?六表示陰(例如「初九」表示最底的陽的爻)	初九 官有渝，貞吉。出門交有功。 （可能改變過去的職務。如果守護正道和改變，吉。此外，走出大門，與他人交際會有良好的效果。） → 正處於一個轉捩點。可能改變職業或原則時。通過廣泛交往，為轉變和變革做好準備。	六二 ?小子，失丈夫。 （被一個年輕男子吸引，失去可敬的丈夫。） → 被身邊的人所吸引，失去重要的人和長輩。因為小事而失去一些重要的事物之時。	六三 ?丈夫，失小子。隨有求得。利居貞。 (未婚婦女被可敬的男人所吸引，失去年輕的男性朋友。可以得到任何想要的。如果努力在正確的道路上，這是有利益的。) → 通過遠離小事和跟隨大事得吉之時。願望會成真，但私人生活的滋潤可能會喪失。	九四 隨有獲。貞凶。有孚，在道以明，何咎。 （有九四的力量的臣民遵循君主的九五，所有想要的都會得到。但是被臣民懷疑實力。在這種情況下，即使堅持正道，也是凶。但，如果心裡有誠意，不走歪繼續捍衛道理的話，就不會有罪咎。） → 有力量，但如果得意忘形大肆張揚的話，會導致巨大的失敗。保持謙遜的態度，這樣從上司到下屬都備受喜歡。	九五 孚于嘉。吉。 （根據六二的回應，與善人交流是忠於承諾的。吉。） → 收集從上司到下屬的信任，並順利發展。以誠信為重，贏得周圍的人的信任。	上六 拘?之，乃從維之。王用亨于西山。 （被抓捕綁起來。此外，通過粗重的鋼索連接到柱子上。當跟隨適當的人時，應該被綁得那麼緊。國王誠心誠意地在西山祭祀。） → 被拘留，不能移動時，但如果跟隨一個可信的對象則沒有問題。不能自我主張，感到不自由和不滿。祭祀神佛或祖先是好的。	
18	蠱	蠱，元亨。利?大川。先甲三日、後甲三日。	蠱這個字代表盤子上有三隻蟲子。食物在盤子裡腐爛，昆蟲湧出的象形。	以喜隨人者必有事，故受之以蠱，蠱者事也。	腐敗、崩壞、不公正、兩敗俱傷、內部改革。	內部有問題。尤其是當有醜陋的爭吵時。	不會實現。	因多角關係而發生問題之時。沒有和諧。	凶。特別要對年長的婦女警惕。	有不能告訴他人的隱藏的事，在心裡迷茫的人。		內部有問題。	內部潛伏著一些壞因素。	在旅途中，身體和心靈可能會受到傷害。	遺傳性疾病、便秘、腫瘤等。	* 從底部計數，九表示陽?六表示陰(例如「初九」表示最底的陽的爻)	初六 幹父之蠱。有子，考無咎。厲終吉。 （將父親損壞的東西全權處理。有這樣的孩子，父親沒有罪咎。如果意識到危險，最終會得到吉。） → 繼前人之後，整理錯誤。雖然進展緩慢，但關鍵是要努力。	九二 幹母之蠱。不可貞。 （將母親損壞的東西全權處理。由於九二在陽爻中很強大，所以從正面進攻應該小心謹慎，堅持正道。） → 試圖通過正確理論時，會發生衝突。靈活應對較佳。	九三 幹父之蠱。小有悔，無大咎。 (將父親損壞的東西全權處理。由於九三在陽爻中是陽剛的，所以有些許遺憾是不得已的。然而，如果動機是正確的，不會有大的罪咎。) → 可能因為採取的手段而受到批評。然而，不必在意這樣的批評和干擾。繼續大膽地做，最後會成功。	六四 裕父之蠱。往見吝。 （對父親損壞的東西寬容視而不見。因為不親自動手，所以如果繼續前進，那將是一種恥辱。） → 把問題拋在一邊，當自己的立場受到威脅時。尋求有力量的人的幫助。	六五 幹父之蠱，用譽。 （將父親損壞的東西全權處理。因為應爻的九二將繼承，有一個優秀的後盾。因此，聲譽的提高是理所當然的。） → 可以消除長期的問題 強大的合作者可以完成改革。小心獨斷會導致失敗。	上九 不事王侯。高尚其事。 （不適用於王侯，使自己的生活方式高尚。） → 解決問題後離開並安居之時。不要干涉，以免被捲入其他醜陋的事。	
19	臨	臨，元亨。利貞。至于八月有凶。	在?（?）上方有地（?），代表了想要在高地從上往下眺望低處的澤。	有事而後可大，故受之以臨，臨者大也。	面對，相互，希望，慾望，願望，欣悅服從。	運氣好的時候，每件事都活躍之時。	在運氣上升的時候，願望逐漸實現。	彼此和諧順利。	求進為好。	溫柔乖巧。和人親密被愛。		舒適。	有上升的勢頭。	會是愉快的旅行。	消化不良、嘔吐、便秘、肺部疾病等。	* 從底部計數，九表示陽?六表示陰(例如「初九」表示最底的陽的爻)	初九 咸臨。貞吉。 （通過給人留下深刻的印象來面對對方。在保護正道上為吉。） → 如果好好利用現在的力量，認真回應長輩的關照，就會前進，吉。	九二 咸臨。吉無不利。 （通過給人留下深刻的印象來面對對方。以剛直和中庸的美德來前進是吉，也有利。） → 運氣盛大時，因長輩的提拔而成功。臨機應變的前進是很重要的，如果因為好運而大意，就會失敗。	六三 甘臨。無攸利。即憂之無咎。 (以甜美快樂為食，面對人民。這種態度是不道德的，不會帶來任何好處。但是，如果能夠反思這種態度，並避免它，就能逃脫罪咎。) → 輕視事物和大意，將導致挫折和失敗。小心甜言甜語。不要過度自信，不要忘記反省的態度。	六四 至臨。無咎。 （以最好的態度面對底部。沒有罪咎。） → 如果交給有能力的部下或合作者，就不會有過錯。以獨斷的方式行事會招來失敗。	六五 知臨。大君之宜。吉。 （自身不動，交給一個有實力的臣民(九二)。這是智慧的態度，也是大君應該採取的態度。） → 被任命擔任一個負責任的職位。不要採取專制，而要利用有力的部下來處理事情。放棄私利，從大局出發行事。	上六 敦臨。吉無咎。 （面對底部的態度是周到的。以站在上方來說，這是一個很好的方式，是吉，且沒有罪咎的。） → 有力量，但謙遜是運氣發展的根本。即使不直接參與事情，仍然可以期望從美德獲得別人的援助，並找到解決方案。	
20	觀	觀，盥而不薦。有孚顒若。	上面的二陽向下看，下面的四陰向上窺望。	物大然後可觀，故受之以觀。	觀察、靜觀、教育、信仰、學術?藝術的發展。	精神層面看不見的面，吉。	教育、學術、藝術的願望成真。	只是互相問好，得不到親和。	考慮得太多了，無法談妥。	太老實了，常常畏縮不前。		新建?改建和搬遷要相互對照為好。	以變化來說算小幅。	精神上令人耳目一新的旅行特別好。	高血壓、肩膀痠痛、背痛、頭痛、食欲不振、流感、感冒等。	* 從底部計數，九表示陽?六表示陰(例如「初九」表示最底的陽的爻)	初六 童觀。小人無咎。君子吝。 （如童子所見，力量弱，無法看到遠處。只看的到身旁的東西，普通人的話，這是沒有罪咎的。但如果是在上位的人，應感到羞愧。） → 知識和見識是不成熟的，所以需要努力和鑽研。日常小事沒有障礙，但當做大事時，並不會成功。	六二 闚觀。利女貞。 （從門口窺視。不走出大門是女人的正道，有利。） →以情緒、喜好來判斷，會損害信譽。以公正的思維方式做出理性的判斷。比起在外部引起事端，更應該充實內部之時。	六三 觀我生，進退。 (觀察自己的生存途徑，以決定進退) → 反思過去，在推測未來時慎重決定進退。仔細考慮，然後從大局出發，採取行動。	六四 觀國之光。利用賓于王。 （如果看到一個有光輝美德的國家，為那個國家的國王服務是有利益的。） → 與上司保持良好的關係，取得信任之時。沒有具體的結果，但可以得到精神上的喜悅。	九五 觀我生。君子無咎。 （應該仔細回顧平常的行為。如果那個行為作為君主並不可恥的話，那麼是沒有罪咎的。） → 雖擁有良好的地位和環境，但應該時常自省自戒。如果沒有做出讓部下信任的行為，會失去目前的地位。不要炫耀迄今取得的成就。	上九 觀其生。君子無咎。 （人民在看自己的行為。如果那個行為作為君主並不可恥的話，那麼是沒有罪咎的。） → 雖擁有良好的地位和環境，但沒有實利。儘管如此，還是會承擔責任。因為總是被周圍的人看著而不能放心。祭祀神佛，吉。	
21	噬嗑	噬嗑，亨。利用獄。	上卦（?）是上顎，下卦（?）是下顎，是表示一個夾在打開的嘴中的陽爻（?）的卦象。	可觀而後有所合，故受之以噬嗑，嗑者合也。	口中的東西，口角，鬥爭，性急，中間的障礙，商業，交易，刑罰	一開始是危險的，但結局是安穩的。	有障礙，很難實現。	容易因爭吵而崩潰。注意以柔軟的表現方式。	有許多不和和爭論。如果持續未解決的話，將給以後帶來麻煩。	性急任性，總是生氣。		商業和工業關係是吉。	買入和賣出是活躍的，有上升的趨勢，但可能會發生壞事。	商業關係很好，但最好避免其他的。	口腔腫脹、牙痛、食物中毒、暴飲暴食、胃癌、胃潰瘍等。	* 從底部計數，九表示陽?六表示陰(例如「初九」表示最底的陽的爻)	初九 屨校滅趾。無咎。 （腳上著鐐銬所以受傷。雖然這是一件壞事，但還是初期階段，沒有罪咎。） → 錯誤的方針而偏離正確的軌道時。趁現在反省，並自戒且考慮修正。	六二 噬膚滅鼻。無咎。 （咬罪人的肉。咬人的鼻子陷入罪人的肉中。即使如此罪人是頑固的，所以沒有罪咎。） → 消除障礙的話，那麼攻擊比預期的強也沒有問題。大意和自負是挫折的根源。	六三 噬腊肉，遇毒。小吝。無咎。 (就像咀嚼硬臘肉並中毒一樣，如果一個不能正確判斷的人來審判別人，就會遇到意想不到的反抗。有點羞愧，但對審判罪則是沒有罪咎的。) → 如果不仔細判斷，會意外地失敗。避免性急?強硬。如果不能負荷了，退出也是很重要的。	九四 噬乾胏，得金矢。利艱貞。吉。 （咀嚼乾的有骨頭的肉時，發現一支金箭埋在肉裡。金代表剛，箭代表直，要審判罪則，必須是剛直的。認為刑罰是困難的，第一次因堅持正確的道路而有利益，會得吉。） → 當一個難題在面前時。為了解決而投入了大量的精力，但會得到成果。在剛開始有困難，結局是吉。	六五 噬乾肉，得黃金。貞厲。無咎。 （咀嚼不比臘肉硬的乾肉，在肉中獲得黃金。審判是正確進行的，而且有可靠的助手在。但是，要審判罪則，必須堅持正確的道路，並誡命自己，這樣才能避免罪咎。） → 有難題，但可以用智慧來解決。最好有一個有影響力的合作者。不要採取強硬措施，而要採取臨機應變的措施。	上九 何校滅耳。凶。 （戴著脖子上的枷鎖，耳朵有被擦傷到潰爛的傷口。那是因為不好好聽別人說的話。） → 如果任由以氣勢前進的話，災難就會重複，不能自由行動。仔細聽別人的話，制定周密的計劃。有時退縮和靜觀也是一種策略。	
22	賁	賁，亨。小利有攸往。	如果山（?）下生火（?），火光照亮了樹木，看起來鮮艷而美麗。	物不可以苟合而已，故受之以賁，賁者飾也。	裝飾，華麗，文明，排場，美術，藝術，技藝，宣傳，廣告。	從表面上看，看起來很漂亮華麗，但內容空泛。	學問、美術、藝術等願望成真。	內在虛偽，或與對方之間有障礙，不能順利進行。	有可能受外在所拘束，誤會內在。	有良好審美意識的人。		設計裝飾或照明是好。	似乎有好消息，但實際上並不令人清爽。	因為常常揮金如土，要小心開支。	暴食、消化系統疾病、因缺乏運動而引起的心臟病、腹部腫瘤、腰痛等。	* 從底部計數，九表示陽?六表示陰(例如「初九」表示最底的陽的爻)	初九 賁其趾。舍車而徒。 （美麗的裝飾要去的路。扔掉車子，安穩的步行去。） → 簡樸的逐步前進之時。不要鋪張排場，而要朝著與自身相應的目標前進。	六二 賁其須。 （裝飾鬍子，與上級的精英一起行動。） → 必須依賴於上級。由於缺乏能力，大希望沒有實現，但小事會成真。	九三 賁如，濡如。永貞吉。 (夾在上下的陰爻之間，有裝飾，淋濕而有光澤般的突出。然而，為了不為那個場所鋪張浪費，要永遠堅持正確的道路。那樣的話，吉。) → 鋪張排場且為了不要失敗而注意之時。保持簡樸，繼續腳踏實地的努力。	六四 賁如，皤如。白馬翰如。匪寇婚媾。 （被初九和應爻妝飾之身，但身體還沒有裝飾。乘著白馬飛奔去和初九相見時也受到九三的干擾，。但這並非因為有惡意，而是因為九三也和六四結婚。） → 即使現在沒有能力或技能，也要堅持自己的信念。小心不要似是而非或因錯覺而做出錯誤的判斷。	六五 賁于丘園。束帛戔戔。吝終吉。 （妝飾一個樸素的地方。一束束的絲綢只堆了一點點，這是一個恥辱。然而，簡樸是好的，所以最終會得到吉。） → 為了未來節儉時。一路上可能會受到批評，不要在意，需充實內在。	上九 白賁。無咎。 （領悟到裝飾的虛無，回到以最為樸素的白色當做裝飾。沒有罪咎。） → 擺脫排場，回到原來的自己。採取冷靜和堅定的態度會帶來運氣。	
23	剝	?，不利有攸往。	陰試圖削除陽的形狀。	至飾然後亨則盡矣，故受之以剝，剝者剝也。	剝落，山崩、孤立、衰老、敵意很多、從上向下看。	像山崩時般的步伐不穩定。	散財和煩惱很多，但回報不大，願望不會實現。	女人強勢，男人在身心上都筋疲力盡。	最好停止。	獨斷的，不與周圍的人親和而孤立。		基礎不足或老化的房屋。	當處於高位時，可能會暴跌。	取消，吉。	腦出血、頭痛、頭部腫脹、僵硬的肩膀、背部僵硬、壓力、憂鬱、過勞等。	* 從底部計數，九表示陽?六表示陰(例如「初九」表示最底的陽的爻)	初六 ??以足。蔑貞。凶。 （床腳掉了下來。因為邪惡的東西試圖從腳下摧毀正道，凶。） → 運氣下降的時候。需要重新審視和修復自身的基礎與和手下的關係。	六二 ??以辨。蔑貞。凶。 （睡覺的床板的主體也掉了下來。邪惡的東西試圖摧毀正道，越來越凶。） → 運氣的衰退將進一步推進，必須對一切保持警惕。被信任的部下背叛，妨礙。應該清除身邊的障礙時。	六三 ?之。無咎。 (擺脫與壞朋友的關係，與君子結交。那樣的話，就沒有罪咎。) → 即使捨棄目前的關係，還是應該做正確的事。回到自己的信仰。	六四 ??以膚。凶。 （睡覺的床板和床腳全部都掉了下來，最後連自己的皮膚也被剝落。大難已經臨頭。） → 當壞事具體的出現，重要關頭堵住之時。把逃跑作為第一要考慮。為以後重新出發做好準備。	六五 貫魚，以宮人寵。無不利。 （作為為國王服務的宮人的頭頭，後宮嬪妃有如魚貫般很有秩序的排列，受到寵愛，無往不利。） → 從最有影響力的人那裡獲得支援。然而，當自己一人受到寵愛時，把周圍的人作為敵人，要注意周圍的環境。	上九 碩果不食。君子得輿、小人?廬。 （大的果實一個都沒有被吃，剝落到極致的時候，如果最後留下的人是君子，得輿且獲得民意，如果是像一般人的小人的話房舍毀壞，最後無法使用。） → 有力量的人的話，在危機中也會被周圍人的支持，保持自己的地位。如果是缺乏這種能力的人的話，可能會經歷挫折，但有望東山再起。	
24	復	復，亨。出入無疾，朋來無咎。反復其道，七日來復。利有攸往。	這是從陰之中新的陽從下面出來的卦象。	物不可以終盡剝，窮上反下，故受之以復。	重來，往返，反覆，希望的枝芽，春天的跡象，回到初衷。	到目前為止，運氣一直是下降的，但從現在開始，會逐漸上升。	如果努力工作，就會逐漸達成。	到目前為止沒有被戀愛眷顧的人將會相遇的跡象。	已經放棄了的婚事將會談妥。	努力積累技巧的人。		如果繼續居住的話，會逐漸感到舒適。	如果價格低到現在，新的消息將誕生並逐漸上升。	去以前去過的地方為好。	腹痛、肝病、風濕病等。	* 從底部計數，九表示陽?六表示陰(例如「初九」表示最底的陽的爻)	初九 不遠復。無祇悔。元吉。 （在錯誤變大之前，可以回到正確的態度。這樣的話，就不會帶來遺憾，大吉。） → 發現錯誤，立即改善。無論多麼麻煩，重新出發都是吉。	六二 休復。吉。 （因為回到正確的姿勢，得到美感，吉。） → 當運氣發展之時。如果謹慎積極地行事，同時跟隨有影響力的人，吉。	六三 復頻。厲無咎。 (每次返回。因為經常失敗，所以這是危險的，但每次都能夠改變的話，沒有罪咎。) → 一遍又一遍地重複同樣的失敗。感情變得不穩定，但只要沒有忘記初衷的話就沒有罪咎。	六四 中行獨復。 （在和壞朋友一起去的路上，只有一個人浪子回頭。） → 對別人的言行感到違和感時，採取不同的行動。反省自戒，重回初衷。	六五 敦復。無悔。 （能夠回到正確的姿勢，是一個篤定的人。如果是那種人的話，沒有遺憾。） → 真誠地努力改變現狀的時候。雖然不能立即取得重大成果，但要踏實的邊累積實力邊前進。	上六 迷復，凶。有災眚。用行師、終有大敗，以其國君，凶。至于十年不克征。 （迷路到最後，回不到正確的姿勢。凶。會有災難和過失。如果以此來移動軍隊，最終可能會大敗。然而，巨大的失敗會危及到國君，凶。即使過了十年之後，也不能征服敵人。） → 一切都很不幸。繼續不了解自己的程度，馬上就會受到挫折。注意人禍和天災。	
25	?妄	無妄，元亨。利貞。其匪正有眚。不利有攸往。	無妄意味著沒有虛偽。以道理來說這是自然而然的的。	復則不妄矣，故受之以無妄。	沒有虛偽，離開正道會導致災難，天災，人禍，如果遵循會無事，私利私慾會招來不幸。	注意自然災害和人災。	如果敢於扮演自己的角色，而不抱有任何期待，就會成真。	當經歷命運的相遇時。	如果獨斷的決定的話會有災難。	脾氣暴躁的人。		由於容易發生災害，搬遷為吉。	根據社會情勢，可能會急劇上升。	天災或人災發生的的可能性很高。	頭痛、神經官能症、癲癇、胸痛、心臟病、受傷、挫傷等。								
26	大畜	大畜，利貞。不家食吉。利涉大川。	山（?）站起身來，阻止了想努力前進的天（?）的剛健。	有?妄然後可畜，故受之以大畜。	儲備很大，抱著雄心等待機會，開頭很難，但後來吉，忍耐，耐力，抑止，制止。	為即將到來的飛躍做好準備，應該努力學習之時。	運氣現在被抑制了，但是如果耐心等待機會，願望就會成真。	忌不耐煩。積極行動則適得其反。	比想的要晚。	抱著雄心大志，積累技巧的人。		忌新建或擴建。宜裝修，搬遷宜推遲較好。	未來是有希望的，但暫時不會增長。	如果是以前就已經規劃的旅行，無事。	頭痛、頭部挫傷、腹部拉傷、不食、便秘、血液循環障礙等。	* 從底部計數，九表示陽?六表示陰(例如「初九」表示最底的陽的爻)	初九 有厲。利已。 （如果繼續會有危險。最好停下來。） → 目前缺乏能力。如果勉強去做，會嚐到挫折。最好努力學習，直到時機成熟。	九二 輿說輹。 （像車子自己將車軸拆下般，最好自己停止。） → 意識到現在還為時過早，避免自己前進。如果時期不誤，是光明的，好好克制自我。	九三 良馬逐。利艱貞。日閑輿衛。利有攸往。 (用來拉車的好馬逃走的話不追不行，但意識到困難並保護正道是有好處的。相反，訓練車伕和護衛兵來保護汽車是很重要的。這樣做即使向前邁進，也沒有危險，而是有利益的。) →預測困難且用行動來保護自己，而不是在沒有思考的情況下向前邁進。那樣的話前進，並賺取利潤。	六四 童牛之牿。元吉。 （就像在為一隻角還沒長出來的小牛綁好牛牿一樣，很容易就可以綁上。像這樣防範於未然的話，大吉。） → 如果有小障礙的話，現在就除去它。多少有一些障礙，但事情進展順利之時。	六五 豶豕之牙。吉。 （豬是可怕的存在，但如果結紮且讓它性其溫和的話，獠牙也不可怕。如果即使在發生障礙之後也能消除原因的話，吉。） → 如果繼續保持氣勢，會遭受挫折。徹底思考，並好好地保持消除障礙的態度，得吉。	上九 何天之衢。亨。 （通過背負通往天堂的道路，可以去任何地方。 願望成真。） → 以前成為障礙的東西被移除，並且終於向前邁進之時。通過展示自己的能力，希望成真。	
27	頤	頤，貞吉。觀頤自求口實。	山（?）是上顎，雷（?）是下顎，類似張開的嘴巴。	物畜然後可養，故受之以頤，頤者養也。	頤養，大張開嘴，飲食，言語，爭議，誇張，爭吵，合作。	很可能發生人際關係的衝突。	短期的希望是困難的。	儘管彼此吸引，但由於思維差異而引起爭吵。	雙方似乎都希望這樣做，但是關於經歷卻有秘密。	話多。不服輸而爭吵，喜歡議論的人。		裝修是好的。	一旦在高價格範圍內達到上限，就會直線下降。有波動。	長途旅行容易出事。	口腔疾病、牙痛、消化系統疾病、食慾不振等。	* 從底部計數，九表示陽?六表示陰(例如「初九」表示最底的陽的爻)	初九 舍爾靈龜，觀我?頤。凶。 （不運用自己的智慧，羨慕他人的財富。凶。） → 不試圖去表現出自己的能力和智慧，卻嫉妒他人並嘗試不成比例地做某事而失敗。不要做新事物或發展事物。專注於努力而不必講究結果。	六二 顛頤，拂經于丘頤。征凶。 （被下面的人頤養是不合理的。但是，試圖強迫上面的人頤養自己也是凶。） → 向部下尋求幫助而失去信任。能力不足，而無法獲得他人幫助時。窮困之時。	六三 拂頤。貞凶。十年勿用。無攸利。 (違背頤養之道，就算頤養這個行為是正確的，因不合理，凶。十年都不得用。沒有利益。) → 因追求利潤，即使不是惡意的，也會受到批評。當得到一些東西時，同時也失去了其他東西。	六四 顛頤。吉。虎視眈眈，其欲逐逐，無咎。 （如果要滋潤世界，最好從下面的人開始。別輕視老虎低頭。追逐獵物的欲望自然流露而出。因為被廣泛地應用，沒有罪咎。） → 在部下中的人才或有才能的人的合作下，將穩步發展。但不是為自己工作，不要忘了為周圍環境努力。	六五 拂經。居貞吉。不可涉大川。 （儘管是在高位的人，但無法頤養人民。違背頤養之道。但是，由於頤養人們的動機是正確的，所以保持正確的道路並依靠上級是很好的。不要像獨自穿越河流那樣進行冒險。） → 無法展示出匹配高位的能力。即使看起來不錯，內在的能力不夠而很辛苦。通過與優秀人才的合作獲得成果。丟棄個人的私利私慾，以公平的態度面對。	上九 由頤。厲吉。利涉大川。 （在君主的授權下頤養人民。承擔責任，常自誡，謹慎自己的行動，就會獲得好運。可以克服橫穿大河的危險，除此之外未來還有其他利益。） → 當人們信任我們時，會有很多要求。在別人的要求和期望上花費的時間和精力要多於自己。如果竭盡全力滿足他人的期望，將能夠取得相應的成果。	
28	大過	大過，棟橈。利有攸往。亨。	大過的兩端是陰，中的四爻是陽。柱子很細，但屋頂太重，擔心會倒塌。	不養則不可動，故受之以大過。	做得太過，走過頭，過剩，不安，負擔，互相背負。	任何事都注意不要做太超過或走過頭。這是失敗和挫折的根源。	願望太大了，無法實現。請選符合現實的願望。	由於寄予厚望，關係成為負擔。	最好避免。	看起來不可靠，但性格過分自信。		不能進行新建，擴展或搬遷。	價格可能會超出預期，但可能會急劇下降，因為不是可靠的材料。	不要規劃不合理的計畫，現實地考慮。	肺結核，內臟疾病，腹部癌，酒精中毒，暴飲暴食等。	* 從底部計數，九表示陽?六表示陰(例如「初九」表示最底的陽的爻)	初六 藉用白茅。無咎。 （鋪上白色乾淨的芽，放上供品。需過分仔細。沒有罪咎。） → 當一切都要警慎時。這是件好事。最好低估自己的能力。	九二 枯楊生稊，老夫得其女妻。無不利。 （新芽在垂死的柳樹上萌芽。這就像一個老丈夫與年輕妻子結合。無往不利。） → 原已經放棄的事又看見希望的徵兆。在新的合作夥伴和協助下取得進展。	九三 棟橈。凶。 (屋頂太重，支撐的棟樑彎曲。凶。) → 如果有不相符的願望，強行推動前進，將會遭到不幸。最好推遲或取消較好。	九四 棟隆。吉。有它吝。 （棟梁很好地隆起並承擔屋頂的重量，吉。但是試圖獲得他人的幫助是羞恥的。） →宜專注於應該做的事並努力時。但是，如果改變主意，將會失敗。	九五 枯楊生華，老婦得其士夫。無咎無譽。 （一棵垂死的柳樹開花了。這就像一個單身老婦和年輕丈夫結合。沒有罪咎，但也沒有榮譽。） → 原已經放棄的事又看見希望的徵兆。但是，它是暫時的，不會持續。最好不要得意忘形。	上六 過涉滅頂。凶。無咎。 （明知水深危險而仍強力涉水，以至慘遭滅頂，凶。但如果是有意志的人的話則沒有罪咎。） → 不可避免的情況，即使知道很危險仍跳下去。如果可以的話，最好逃避。	
29	坎	習坎，有孚，維心亨。行有尚。	本來，坎為水是很困難的卦象。與水雷屯，水山蹇和澤水困並稱四難卦。	物不可以終過，故受之以坎，坎者陷也。	苦難，憂慮，陷入，下掉，衰運，信念，誠實。	當困難和憂慮持續很長時間時。	努力無法取得結果。	有許多困難和憂慮，如果有戀人的話，最好暫時保持距離。	彼此不同意，凶。	有很多困難的人。		推遲新的構造和擴展則無事。	會急劇下降。	應該取消。	泌尿外科疾病，肝脾疾病，腹瀉，血便，血液疾病，月經不調等。	* 從底部計數，九表示陽?六表示陰(例如「初九」表示最底的陽的爻)	初六 習坎，入于坎窞。凶。 （就像在該孔中有另一個孔，並位於其底部一樣。凶。） → 不幸和不幸重疊，無法預見未來的狀況。擔心錢和身體狀況。注意災難，盜竊和水災。 特別應該忍耐之時。	九二 坎有險。求小得。 （坎中有險。但是，如果提出要求，會有一些收穫。） → 在困難中看到一點希望時。如果能發揮自己的作用並忍受的話，機會將會到來。	六三 來之坎坎。險且枕。入于坎窞。勿用。 (不論從下或從上來，哪邊都有陷阱。這個洞很危險而且很深。就像在該孔的底部還有另一個孔。不要行動) → 無論做什麼都無法好轉，並且會遇到一連串麻煩。應該避免前進，專注於維持現狀。不要焦急，等待機會。	六四 樽酒簋?，用缶。納約自牖。終無咎。 （為了敬拜神明，有一樽酒和一盤穀物。然後準備一個沒有裝飾的甕。另外，通過窗戶輕輕送進祭品。即使在困難時期，如果用盡這種毫無裝飾的誠意，最終沒有罪咎。） → 當終於可以看見不幸的結尾的時候。應該節儉。比起注重外觀，更應通過識別本質來採取行動。	九五 坎不盈。祇既平，無咎。 （洞中有水，但還不足以溢出。但是，水面已到達洞口。困難很快就會消除，沒有罪咎。） → 困難和憂慮即將解決。一段時間後，運氣會上升，但仍不可大意。整理周圍的環境，為新的飛躍做準備。	上六 ?用徽纆、寘于叢棘。三歲不得。凶。 （就像被反復用繩子捆起來，留在荊棘叢中一樣。三年無法離開。凶。） → 三年都不能擺脫困境。無論做什麼都是反效果，根本無法移動時。即使付出了努力也不會得到回報。只能忍受。	
30	離	離利貞。亨。畜牝牛。吉。	火沒有形狀，但是通過粘在其他物體上或與其他物體分開而燃燒來表示。	陷必有所麗，故受之以離，離者麗也。	依附，離開，離別，變化，上升，光明，顯眼，顯著，美麗，智慧。	財富有上升的趨勢，但善變且缺乏穩定性。	學問，藝術和藝能有關的事情將成真。	容易沉迷其中，但容易飄移不定。	婚姻還有其他選擇，很茫然。	有智慧和格調的人。具有藝術和表演的才能。		有搬遷的跡象。 如果有良好的物件的話搬遷是好的。	不斷上升，但不穩定，波動很多次。	注意不要陷入虧空。	眼病，歇斯底里，心臟病，乳腺疾病，病毒?流行性疾病，高燒疾病。	* 從底部計數，九表示陽?六表示陰(例如「初九」表示最底的陽的爻)	初九 履錯然。敬之?咎。 （不知道方向就嘗試走出去。如果可以不著急著行動且謹慎的話，沒有罪咎。） → 輕率的行為會使情況惡化。仔細考慮，直到時機成熟。	六二 黃離，元吉。 （黃色是五行的中心土壤的顏色。如果下卦（內卦）中央的六二得黃的話，大吉。） → 可以發揮自己的智慧和才能贏得名聲和榮譽。參與文化活動甚至更好。不要將注意力轉移到其他事物上，專注於眼前的事物並努力。	九三 日昃之離。不鼓缶而歌，則大耋之嗟。凶。 (太陽向西傾斜，快要沉下去了。如果沒有結束時敲著酒甕歌唱這種快樂的心境的話，只會有一種古老而腐朽的嘆息。凶。) → 運氣傾斜之時，什麼事都無法順利。與其哀悼過去的輝煌，不如專注於當下生活並享受。但是，需避免魯莽的行為。	九四 突如其來如。焚如。死如，棄如。 （就像前一個君主去世而下一個君主即將就任時，貪圖王位的邪惡家臣突然前來。這樣的人將會遭到被焚毀並扔掉般的惡事。） → 如果突然輕率地行動的話，將被周圍的人所憎恨，失去自己的位置。當災難，妨礙，障礙和事故等壞事重疊時。不用說也知這是凶，所以請靜靜地等待衰運離去。	六五 出涕沱若。戚嗟若。吉。 （對於自己處於危險的位置，無休止地流著眼淚，哀嘆著哀悼的悲傷。如此日夜不安，意識到危險並保持警惕。吉。） → 處在負責任的位置，有很多擔心的事，不能放鬆。但是，對於擔心的事只要抱持著信念不停的思考才是解決的條件。如果能保持這種態度，吉。	上九 王用出征。有嘉折首。獲匪其醜，無咎。 （國王自己出發征討。作為大功，斬首惡人的頭目。唯一能被斬首的就是惡人，為了保護國家。有這些美德的話，就沒有罪咎。） → 以大義為名，應積極地採取強硬的手段。當特別追求達成目標時。如果態度優柔寡斷，那麼運氣就會下降。	
31	咸	咸，亨。利貞。取女吉。	澤（?）的水從上流到下，山（?）是向上延伸，彼此融為一體。	有天地然後有萬物，	感應，溝通，戀愛，結婚，迅速。	有意想不到的好事時。	能感受到機會之時，宜迅速採取行動。	意氣相投親密度高漲之時。	彼此有好感將是一段美好的婚姻。	小心謹慎，有行動力的人。		現狀是十分平穩的。	沒有大的動作，以很小的步伐上升和下降。	這將是平穩的旅行。	由於季節性變化而導致的抑鬱症，傳染病，傳染病，性病等。	* 從底部計數，九表示陽?六表示陰(例如「初九」表示最底的陽的爻)	初六 咸其拇。 （大腳趾感應某些動作而移動。） → 這是變革的開始，但力量微弱。與其嘗試獨自移動，不如等待時間自然移動。	六二 咸其腓。凶。居吉。 （小腿感應某事而運動。如果不自制就行動的話，凶。不動則吉。） → 如果感情用事，凶。現在不是行動的時候，如果嘗試維持現狀，吉。	九三 咸其股。執其隨。往吝。 (感應到某些事，大腿跟著腳移動。大腿自身不能移動沒有自主性，因此前進將會招來羞恥。) → 應他人邀請而失敗。不繼續行動，保持現狀時。	九四 貞吉悔亡。憧憧往來，朋從爾思。 （如果守護正道，吉，悔恨也將消失。如果只是為了自己的慾望來回徘徊，充其量只有少數朋友會回應您的想法。） → 自私自利使良心不安，錯過了機會。現在是時候嘗試做正確的事並且感應光明正大之事。	九五 咸其脢。無悔。 （感應到某些事，後背的肉將要移動。因後背位於身體的內側，是孤高的。因此，什麼都不後悔。） → 保持冷靜的態度。用理性來控制自己的情緒。但是，儘管情況安全，仍會感到孤獨。	上六 咸其輔?舌。 （感應到某些事，上下巴，臉頰和舌頭將要移動。） → 須注意用詞之時。不要跟隨他人賺錢的話題。另外，不要讓自己的言語失去信任。	
32		恆，亨。無咎。利貞。利有攸往。	看起來太陽和月亮每天都在變化，但是如果大局上看，它們始終保持不變。	夫婦之道，不可以不久也，故受之以恆，恆者久也。	恆久，恆常，安定，平穩，婚姻。	到現在為止不穩定的東西變得穩定。	新事物和抱負不會實現，但相應的願望就會成真。	長期穩定的關係。	因發誓為永久愛情，宜結婚。	待人厚實，溫和的性格。		有微小的變化，每次的對應都會帶來平穩的結果。	可能會微幅向上或向下，基本是穩定的。	慣例的旅行很安全。	肺部疾病，胃腸或肝臟疾病等。如果持續不關注健康，將患有慢性病。	* 從底部計數，九表示陽?六表示陰(例如「初九」表示最底的陽的爻)	初六 浚恆。貞凶。無攸利。 （深入他人並要求他人合理行事。意圖是正確的，但這是凶。沒有好處。） → 當誤解了物的秩序而失敗之時。與其關注自身行動的正確性，不如關注世界如何看待自己的行動。	九二 悔亡。 （如果保持中庸的態度，將不會遇到任何後悔的事情。） → 如果採取相應的措施則無事。	九三 不恆其德。或承之羞。貞吝。 （如果不能永久地待在正確的地方，將會感到羞愧。即使意圖正確，也是一件羞恥的事。） → 認為良好的行為是造成恥辱的原因。小心不要變的獨斷。	九四 田無禽。 （永遠待在錯誤的地方，也無法獲得任何東西。） →徒勞無功之時。態度和方針存在錯誤，因此應該重新審視自己，然後重新開始。	六五 恆其德貞。婦人吉、夫子凶。 （永久在正確的位置。守護正道。這對於即使不主動也會守護自己的居所的妻子來說是吉。對於需要自己主動的丈夫來說是凶。 ） → 保持現狀將帶來機遇。婦女保持順從的態度，吉。對男性來說是凶時。	上六 振恆。凶。 （高處的人們正微幅移動。因不穩定，凶。） → 到現在為止穩定的東西變得不穩定。焦躁不安，改變目標和方針，但結果一無所獲。	
33	遯	遯，亨。小利貞。	遯的意思是逃跑，撤退，迴避。	物不可以久居其所，故受之以遯，遯者退也。	逃跑，撤退，遁隱，不協調	當運氣上升的時期過去了，而運氣正在下降。	與新事物或擴展相關的願望無法實現。	當漸漸失去熱情，變得不協調之時。	婚姻沒有共識。 最好不要以勉強來解決。	因討厭人的性格，內向且消極。		是時候該搬離了。	逐漸從高價位落下。	最好不要進行這次的旅行。	臉部浮腫，虛脫感，便秘等	* 從底部計數，九表示陽?六表示陰(例如「初九」表示最底的陽的爻)	初六 遯尾。厲。勿用有攸往。 （逃得太晚變成最後一個。有危險。不要採取積極的行動。） → 當對應落後且運氣衰退之時。注重保持現狀。	六二 執之用黃牛之革。莫之勝說。 （志向的硬度與用黃牛製成的皮革一樣堅硬。沒人能解開它。） → 牢牢保護自己，不要外出。整理到目前為止的事為好。	九三 ?遯。有疾厲。畜臣妾吉。 （下的二陰和繫住後髮不能決定逃跑。這會導致像疾病一樣疲憊，很危險。宜畜養僕人時。） → 因人際關係行動受到制約，無法如願行動之時。因為操勞會耗盡精力，小心疾病。	九四 好遯。君子吉，小人否。 （儘管有喜歡的人，但可以下定決心逃跑。如果是君子的話，吉，但是如果是普通人的話不會變成吉。） → 理性地思考事物，並丟棄不必要的事物。但是，在許多情況下，逃不出執著而迷惘決定。	九五 嘉遯。貞吉。 （可以以一種很好的方式遁隱。如果保持正道並且內心是正確的，吉。） → 現在是引退或退休的好時機。如果錯過了這個機會並嘗試走得更遠，將會失敗。	上九 肥遯。無不利。 （可以在遠方遁隱。只有利潤。） →可以無障礙地引退或退休，並受到周圍人的祝福。之後，可以慢慢地花時間做自己想做的事情。	
34	大壯	大壯，利貞。	大壯意味著繁榮，運氣上升和發展的時期。	物不可以終遯，故受之以大壯。	壯大，盛大，勇猛，發展，氣勢，向前衝，做得太過	當充滿精力和體力，並乘著氣勢前進之時。	相應的事情都會成真。	氣勢太大，對方撤退了。或發展成爭議和爭吵。	大壯卦可以看作是一個大的兌（?），如下所示。	積極且有自信的人。		不要立即行動須靜觀其變。	如果當前價格低，將飆升。	不要忘記做好準備和慎重。	劇烈頭痛，口腔和咽喉疾病，受傷，發高燒等	* 從底部計數，九表示陽?六表示陰(例如「初九」表示最底的陽的爻)	初九 壯于趾。征凶。有孚。 （腳踝正在積極向前移動。最底層的初九試圖前進是因為不知道自己的程度。如果行動必定是凶。） → 如果不加思索地行動，將會有災難。現在不是行動的時候。靜觀等待機會等待。	九二 貞吉。 （在盛大的氣勢中，留心中庸保持正道，那將是吉。） → 保持現狀，做任何事都拘謹冷靜應對。注意不要將注意力轉移到新事物上。	九三 小人用壯，君子用罔。貞厲。羝羊觸藩羸其角。 （小人執著於贏得對手，動用很多蠻力。君子試圖贏過自己，所以沒有動用蠻力。使用蠻力時，即使保持正道也很危險。就像一隻公羊暴走而陷入樹籬，因其角纏著荊棘而痛苦。） → 變得過分自信並向前猛進，但最終失敗了。現在停止前進並嘗試保護現狀。	九四 貞吉。悔亡。藩決不羸。壯于大輿之輹。 （如果選擇正確的道路則吉，而悔恨會提前消失。即使牡羊開始奔跑，樹籬也會打開，荊棘也不會纏在角上。因為大型汽車有堅固的軸，所以可以大大地向前邁進。） → 可以順勢前進。不必擔心，如果顯示出平常的實力，將順利進行。	六五 喪羊于易。無悔。 （羊在田間小路丟失，但並不會後悔。） → 氣勢過強的時代已經過去，無需警惕，安心來訪。最好不要讓慾望浮出水面，而要臨機應變讓時間流逝。	上六 羝羊觸藩，不能退、不能遂。無攸利。艱則吉。 （一隻牡羊暴走並陷入樹籬中，無法後退和前進。沒有任何利益。但是，如果意識到困難的立場並且能夠忍受，最終將是吉。） → 由於過度自信而向前猛進，進退兩難之時。如果意識到自己的力量不足，即使在困難的狀況下也可以忍受就不必勉為其難移動，那將是吉。	
35	晉		顯示了太陽如何射向地面並逐漸升起。	物不可以終壯，故受之以晉，晉者進也。	日出，前進，光明，受歡迎，升官，名譽，名聲	當困難消除，運氣終於上升之時。	通過不斷的努力，一直期望的目標最終將實現。	與從未有過相遇之福的人發生新的相遇時。	積極促進婚事是一件好事。	堅定前進的個性。		新建，改建，搬遷，一切都很好。	如果到目前為止停滯不前，將呈上升趨勢。	這將是一個快樂的旅程。	頭痛，發狂，中暑，因感冒發燒，心臟病，傳染病等								
36	明夷		意味著太陽進入地下並變得黑暗。	進必有所傷，故受之以明夷，夷者傷也。	傷痕，破裂，黑暗，夜晚，擔憂，困難，欺詐	有許多困難時，例如被妨礙或誹謗。	願望不會實現。忍受憤怒和苦難，不要輕舉妄動，等待時機到來。	對他人隱藏的愛。	不成立。	有天賦和能力，但不走運的人。		住起來不舒服。	這將是一個黯淡的時期。	應該取消。	神經衰弱，神經症，心臟病，肺病，眼病，胃癌，胃腸道癌等								
37	家人		八卦中，巽（?）表示長女，離（?）表示次女。	傷於外者必反其家，故受之以家人。	家人，家族，和平，婚姻	比起重視外部，更該重視內部時。	大的願望很難實現。	很淡然，但是正在穩步發展。	雖然平凡，但可以建立一個平穩的家。良緣。	愛家且順從。		宜維持現狀。	沒有大幅度的上下波動，會變得平靜。	宜小型家庭旅行。	發燒，發冷，心臟病，眼病，腫瘤，精力減少，月經不調等。								
38	睽		火（?）上升，?（?）的流向向下。	家道窮必乖，故受之以睽，睽者乖也。	反叛、相互怨恨、不親和、齟齬、違背、不信任	事情沒有按計劃進展，發生失誤或誤解。	小願望是可以實現的。	當彼此的意見不合而不能順利進行時。	應該暫停。	乖僻性格彆扭的人。		宜改建、搬遷。	現實與前景相反。	總之，會出現很多錯誤。	發燒、嘔吐、頭痛、咳嗽等。								
39	蹇		坎（?）是煩惱，艮（?）是停止。	乖必有難，故受之以蹇，蹇者難也。	煩惱、疼痛、艱辛、障礙、服從上司	由於障礙無法取得進展。	有很多困難和艱辛，願望沒有實現。	有很多不和及衝突，不能獲得親和。或是離別也是有的。	因為條件不齊全，所以很難談成。	環境不好，不能輕易取得成果的人。		居住環境不是很好。	如果是短線交易的話，不會按預期上漲，會造成虧損。	旅途中有困難和艱辛。	消化不良，由於受涼導致各種疾病，足部受傷，行走困難等。								
40	解	解，利西南。無所往，其來復吉。有攸往，夙吉。	迄今為止所遇到的困難正開始得到解決。	物不可以終難，故受之以解，解者緩也。	溶解，解決，解除，解散，緩和，融雪，春	當過去的困難得到解決，情況有所好轉時。	如果迅速行動就會成真。	煩惱著沒有邂逅的人將會有好運到來。	錯過了婚期的人，姻緣會到來。	一個表面看起來很放鬆，但內在有智慧的人。		改建有缺陷的部分是好的。	如果到目前為止一直處於低位，則有上升趨勢。	宜往西南方走。	胃腸或肺臟等內臟疾病。內部疾病的根源有浮出表面並惡化的傾向。								
41	損	損，有孚。元吉。無咎。可貞。利有攸往。曷之用。二簋可用亨。	山澤損（?）是地天泰（?）的最下方的陽爻移動到最上方的形式。	緩必有所失，故受之以損。	損失、減退、先難後獲、為他人奮鬥、公共事業	現在照護負擔很大，因為虧損的事也很多所以感到沮喪之時，但漸漸為自己獲得了好處。	可能會因為人情而遭受損失，但從長遠來看，願望會實現。	當通過損失來滿足對方的感受時。	照護負擔很大，但忍耐著去結合的話，良緣。	一個為別人盡力而為的人。因此，有很多照護負擔的人。		對現況不滿，改建是好的。	請勿因一時損失而取消。	如果可以的話，最好推遲。	勞累過度、體力衰弱、血液循環不良、月經不調、便秘等。	* 從底部計數，九表示陽?六表示陰(例如「初九」表示最底的陽的爻)	初九 巳事遄往，無咎。酌損之。 （停止自己的工作，必須立即去幫助另一個人。沒有任何罪咎。但是，幫助別人時是在自我犧牲，所以請在仔細考慮自己的能力後給予幫助。） → 周圍的人，尤其是上司，毫不猶豫地自我犧牲迅速支援。	九二 利貞。征凶。弗損益之。 （必須繼續做自己認為正確的事情。如果激進地前進，凶。最好在不犧牲自己的情況下幫助他人。） → 應該保守自己的本分。不必通過自我犧牲來幫助他人。將期盼幫助的人推開反而會促進該人的獨立性，因此會有所幫助。	六三 三人行，則損一人。一人行，則得其友。 （如果三個人一起去，意見很多，無法得出結論。一個人去的話，可以按照自己的目標行事，所以總能交到好朋友。） → 當多人行動時，步調無法一致。最好單獨行動。通過獨自行動，可以獲得上級的支持。	六四 損其疾。使遄有喜。無咎。 （可以減少身體或道德上的疾病。如果及時處理，就會有治癒的快樂。沒有任何罪咎。） → 有很多障礙之時。現在，與其思考如何發展，不如針對當前的不足或困難及時準備措施。	六五 或益之。十朋之龜弗克違。元吉。 （人民為了君主的利益而行動，即使他們受到損害。即使用非常昂貴的大烏龜算命也沒有錯誤。大吉。） → 如果放棄私利私慾，並有柔順的美德的話，因為下屬的合作與上級的幫助，大吉。	上九 弗損益之。無咎。貞吉。利有攸往。得臣無家。 （盡量不要讓下屬虧損，而是要讓他們受益。沒有任何罪咎。保持正道是好的，繼續前進也是好的。世人臣服，個別房屋的界限消失，天下一家。） → 不讓對方受損，自己也獲得利益時。累積至今的人性美德，上級下屬都會以捨己的態度團結一致，獲得成功。	
42	益	益，利有攸往。利涉大川。	風雷益（?）是天地否（?）的上方的陽爻移動到下方的形式。	損而不已必益，故受之以益。	增益、增加、減頂增底、調和上下、財團、為利益行動、對工作的熱情	如果到目前為止一直停滯不前，那麼未來一切都會順利。	有自信，大膽行動希望就會成真。	彼此互相協調。	如果能夠彌補彼此的不足的話，就會和睦相處。	一個善於做生意的人。有商業才能的人。		只要是一個合適的擴建，是沒有問題的。	正在上升但不穩定。	將是一次平靜而安全的旅行。	高燒、強烈動機、結核病、健忘症、季節性傳染病等。	* 從底部計數，九表示陽?六表示陰(例如「初九」表示最底的陽的爻)	初九 利用為大作。元吉。無咎。 （做大事時有利益。但是，只有當是完全出自於善的工作的場合。那麼則沒有罪咎。） → 接受上頭的施捨，自己有了信心，工作有了很大的發展。相反，會因不相符的工作而背負過失。	六二 或益之。十朋之龜弗克違。永貞吉。王用亨于帝。吉。 （上位者給予處於下位的自己利益。毫無疑問，這就是用非常昂貴的大龜算命的情況。但是，條件是長期保持正確的道路。如果是王者的立場的話，最好祭天。） → 當一切都因上司的合作和援助而順利進行。但是，如果不保持誠意，將失去所賺取的利潤。 如果自己處於上頭的地位，最好表達對上天的感激之情。	六三 益之用凶事，無咎。有孚中行，告公用圭。 （拜託上司讓自己受益。本來是很可恥的事，但在壞事的情況下沒有任何罪咎。但前提是，適合中庸之道，不欺騙對方，不忘初心。） → 只有在緊急或非常時期下，才能以誠心誠意向上司尋求幫助來擺脫困境。	六四 中行告公從。利用為依遷國。 （如果自身符合中庸之道，會從一位慷慨的上司那裡得到想要得到的好處。應該搬到外國去。） → 如果可以與上級的人建立信任關係，那麼希望就可以在那個人的支持下實現。在這種情況下，最好勇於嘗試，對形勢或環境做出重大改變。	九五 有孚惠心。勿問元吉。有孚惠我德。 （如果上位者有誠信，有恩惠下位者的心的話，那毫無疑問就是大吉了。那麼下位者也會以誠信回報恩德。） → 上司和下屬的心意互通，一切進展順利。毫不遲疑盡最大努力實現自己的目標。	上九 莫益之。或擊之。立心勿琚C凶。 （沒有人願意讓一個只從他人那裡謀取利益的人受益。或者可能會被怨恨攻擊。利慾薰心，沒有恆心的人理所當然會遭遇壞事。） → 如果沉溺於私利私慾，就會招來別人的怨恨和誹謗。此外，可能會遭受損失和災難。由自己來造福他人。	
43	夬	夬，揚于王庭。孚號、有厲。告自邑。不利即戎。利有攸往。	澤天夬（?）的卦象是，陽從下方增加，最上方的陰爻被切斷的形式。	益而不已必決，故受之以夬，夬者決也。	決定，決斷，堅決進行，解決，潰決	如果試圖以這種氣勢堅持到底，將面臨厄運和危險。	如果試圖一口氣去達成，將會失敗。	急性子將導致關係破裂。	如果準備不充分，最好拒絕。	獨斷獨行。容易發生衝突的人。		可能有一些缺陷。	已接近上限，很快就有大幅下跌的跡象。	取消的話無事。	與頭部相關的受傷、疼痛、疾病等。 包括精神層面的。	* 從底部計數，九表示陽?六表示陰(例如「初九」表示最底的陽的爻)	初九 壯于前趾。往不勝為咎。 （熱衷於向前移動。但是，如果前進卻沒獲勝，則會受到指責。） → 過於自信，靠氣勢行動就會失敗。有必要提前考慮肯定會成功的措施。如果沒有的話就等待機會。	九二 惕號。莫夜有戎勿恤。 （時常注意周圍環境，如果有敵人進攻，請大聲告訴夥伴。即使敵兵在天黑後襲擊也不必擔心。） → 需要謹慎，以防止災害和意外事故。特別要注意不要在伙伴間引起衝突。	九三 壯于頄。有凶。君子夬夬。獨行遇雨，若濡有慍，無咎。 （試圖制裁壞人的態度明顯地表現在臉上。這會招來厄運。君子應保持毅然決然的態度。如果這樣做，即使被其他君子懷疑也沒有罪咎。） → 如果急於決定的話，肯定會失敗。不被他人看破內心般的在水面下充分的準備。只有到確信會成功時才公開行動。	九四 臀無膚。其行次且。牽羊悔亡。聞言不信。 （好像臀部的皮都剝落而坐不住一樣，站在最前端卻不想前進。但是，即使真的嘗試進行，也無法與他人一起靈活得前進。就像拉羊一樣，羊應該在前面，而自己應該從後面跟著。這樣，就不會有擔心的遺憾。但是，即使發出這種警告，也不會被相信。） → 不要試圖帶頭做事。因為這樣，最終不會進行。首先，要冷靜下來，跟在人後面。如果相信並接受這個警告，那麼惡運就會變成好運。	九五 莧陸夬夬。中行無咎。 （直接與惡人接觸，切斷與惡人的聯繫。如果以適合中庸之道的方式來行事，沒有任何罪咎。） → 是時候做出決定了。帶著迄今準備好的材料一口氣前進。即使遇到讓人感到困惑的言語，也要保持堅強的意志繼續前進。只要正確的行為舉止不要變得過於粗暴，不會有人責備。	上六 無號。終有凶。 （即使被制裁的反派大喊大叫，也沒有人會來幫忙。最後會變成凶。） → 自己的過失、不足或粗心浮出水面時，就會遭受損失或災難。遇到這種情況就沒有辦法，只能忍耐等自己的運氣變好。	
44	姤	姤，女壯。勿用取女。	天風姤（?）的卦象是，陽爻中自下生一陰爻，陽與陰意外相遇的形式。	決必有所遇，故受之以姤，姤者遇也。	偶遇、偶然、奇遇、意外情況、突發性災害、衰運的開始、女性有很好的相遇、女性得到寵愛	運氣下降的跡象。從意想不到的是開始事情變得越來越糟。	情況突然惡化，願望永遠不會實現。	一種由奇遇而產生的關係。	不談成，吉。拒絕會沒事。	女性是很容易受到優越男性的愛戴的熱情的人。		有機會考慮改造和維修。	因為產生了意想不到的因素而有下跌的傾向。	在旅行中可能會犯桃花或遇到盜竊等意外。	下肢冷痛、腿?膝麻痺、脫肛、痔瘡等。	* 從底部計數，九表示陽?六表示陰(例如「初九」表示最底的陽的爻)	初六 ?于金柅，貞吉。有攸往、見凶。羸豕孚蹢躅。 （將意想不到的陰爻的初六連接到堅固的金制車擋。如果能以這種方式阻止陰爻，因為這是正確的做法，吉。然而，如果向前推進，將遭遇凶。唯一的陰爻和瘦豬一樣小，但是這隻豬浮躁地亂跳，如果一有空隙牠就會向前移動。） → 抑制自己的行為。 即使認為這是一個好機會，也不要輕易地出手。或者，為了凶運的到來，加強防禦。	九二 包有魚。無咎。不利賓。 （如果把代表陰的魚放在廚房裡，那就沒有罪咎。用這種魚招待其他客人是不好的。） → 有無法公諸於世的問題。需要隱藏在自己之中，必須自己去處理，小心不要給別人添麻煩。	九三 臀無膚。其行次且。厲無大咎。 （好像臀部的皮都剝落而坐不住一樣，站在最前端想前進。但是，即使真的嘗試進行，也無法與他人一起靈活地前進。但是，如果繼續前進的話，可能會被邪惡傷害，所以沒有前進也不會受到大的罪咎。） → 想做的事無法造自己所想進展而感到不安，不可勉強進行。但這不會造成任何問題，所以最好保持現狀。	九四 包無魚。起凶。 （廚房裡沒有魚。就好像是一個因為離百姓太遠而無法聚攏民心的君子。如果試圖在這種情況下採取任何行動，凶。） → 錯誤的方針或行動可能導致損失。特別是從失去他人的信用。但是，即使採取措施，情況也只會變得更糟，所以現在只能忍受和維持現狀。	九五 以杞包瓜。含章，有隕自天。 （就像用川柳製成的籃子裡包裹瓠瓜一樣，君子包裹著人們的心。不過，通常君子在隱藏自己的尊嚴和美德的情況下與民眾接觸會比較好。那樣做，即使在像偏離天的軌道般的意外狀況發生時也可以以隱藏在君子中的尊嚴和美德來引起奇蹟。） → 以謙虛和寬容的態度對待他人，不要炫耀自己的才能和能力。會遇到意想不到的挫折，但可以通過隱藏的才能和能力來克服困難。	上九 姤其角。吝無咎。 （堅強而頑固的角是自然而然是孤立的。就算遇到像那種角的人，也不會有交流。不能與人交流是非常可恥的，但不會被邪惡玷污所以沒有罪咎。） → 即使試圖與周遭合作，因為人際關係缺乏協調而不會有任何進展。只是，因為想要維持現狀，可能會因為人際關係不順利而感到羞恥，但沒有特別的問題。	
45	萃	萃，亨。王假有廟。利見大人。亨。利貞。用大牲吉。利有攸往。	水聚集在地（?）上，變成澤（?）。澤地萃的意思是聚集。	物相遇而後聚，故受之以萃，萃者聚也。	聚集，群眾，祭祀	當物或人聚在一起，有活力時。	如果做為人有做出正確的行動的話，願望就會在上頭的援助下實現。	對方快樂，我方順從，高興和睦相處。	相互兼容的良緣。	受人喜愛親密的性格。		可以與鄰居有良好關係享受美好生活的住宅。	人氣聚集並暫時上升。	宜團體旅行。	胸病、咳嗽咳痰、心慌、飲食滯留等。	* 從底部計數，九表示陽?六表示陰(例如「初九」表示最底的陽的爻)	初六 有孚不終。乃亂乃萃。若號，一握為笑。勿恤。往無咎。 （雖然有誠意，但不能貫徹自己的信念。會感到困惑，不知所措，與不需要聚在一起的人聚在一起。如果哭著求救，會得到上頭的幫助，眼淚會變成笑容。所以別擔心。前進也沒有罪咎。） → 當因為不知所措而難以做出決定時。最後，選??擇一條直接通向目標的道路很重要。可能會感到不安，但只要勇往直前，運氣就會穩步上升。	六二 引吉。無咎。孚乃利用禴。 （被上頭拉著才第一次得到好運，沒有罪咎。如果對神佛誠實，即使只有很少的供品，也可以用來進行祭祀。） → 如果自己與同類的交往保持原樣什麼都不會改變，但如果得到上頭的提拔，會帶來吉。然而，如果試圖欺騙他人，事情就不會順利。就像當面對神佛依樣，需要誠實和真心。	六三 萃如，嗟如。無攸利。往?咎。小吝。 （試圖與自己同類的人聚在一起。不過，沒有被當成對象，只是一直嘆氣。沒有什麼好事。如果放棄周遭的人際關係，和一個在遠處、不起眼的人成為夥伴的話，會覺得有點丟人，但也沒有罪咎。） → 與親近的人錯過的事很多，感到孤獨時。即使親近的朋友是強大的支持者，但受施捨者無法享受到快樂。拋棄有鄰居就滿足了的念頭，找一個即使遠在他鄉也能幫助自己的人，與他結交朋友。	九四 大吉。無咎。 （只有當運氣好到得到大吉時，才不會受到罪咎。反過來說，如果結果達不到大吉的程度，就會受到罪咎。） → 即使沒有太多的才能或力量，如果能抓住好運氣，也可以得到大吉。守禮儀，記住要誠實，並保持不誤解本質的態度。	九五 萃有位。無咎。匪孚。元永貞。悔亡。 （通過聚集人們來獲得信任並獲得高位。沒有罪咎。即使如此要得到幾萬人的信任是很難的，那就試著建立正確的美德，做永遠認真、體貼他人的善事。那麼擔心的遺憾就會消失。） → 認清自己的立場。即使得到了一個有責任的地位，也不奢侈或自傲，為周圍的人帶來好處般的態度是非常重要的。那樣做就可以獲得比現在更多的美德和人望。	上六 齎咨，涕洟。無咎。 （一邊發出悲傷而怨恨的聲音，一邊流著眼淚流著鼻涕。擔心自己孤獨，並反省人們聚集，那就沒有罪咎。） → 所做的一切都不順利，不禁悲痛欲絕。反省自己的錯誤，根據自己的能力設定目標，一點一點的前進。	
46	升	元亨。用見大人。勿恤。南征吉。	坤（?）代表地下，巽（?）的意思是樹，逐漸長大，越來越高的掛就是地風升。	聚而上者謂之升，故受之以升。	前進上升，穩步堆積，逐漸上升	正值上升勢頭。通過耐心和穩定的努力，招來好運。	可以以穩步積累小事情來收穫巨大的成功。	意見可能會略有不同，所以小心謹慎地穩定互動是好的。	不能一蹴而就，但如果一點一點地清除障礙同時繼續前進的話就能談妥。	一個不斷努力建設的人。		現在是推進新建築和改建的好時機。	逐漸上升。	事前好好地準備，會是很棒的旅行。	胃腸道疾病、腹痛、嘔吐、腹瀉、腹部腫塊、腰痛等。	* 從底部計數，九表示陽?六表示陰(例如「初九」表示最底的陽的爻)	初六 允升。大吉。 （只有自己的話無法往上爬，但如果跟從上司的話，真的可以往上爬。 大吉。） → 如果繼續努力，即使自己做的不好，也會得到上司的支持。應該留心於圓滑的人際關係。	九二 孚乃利用禴。無咎。 （如果對神佛有誠意，即使只有很少的供品，也可以用來祭祀。沒有罪咎。） → 要帶有誠實和真心，就像面對神佛一樣。捨去私利私慾，不忘謙虛的態度，好機會就會來訪。	九三 升虛邑。 （就像穿越無人居住的村莊一樣，可以毫無阻礙地攀登。） → 這是一個好運的時期，一切都很順利。但是，請保持警惕並不怠於努力。	六四 王用亨于岐山。吉無咎。 （國王和諸侯通過舉行祭山來祈求好運。沒有罪咎。） → 誠心敬拜神佛，將自己交給祭祀流程，就會獲得好運。然而，如果有不相符的願望，運氣就會下降。	六五 貞吉。升階。 （如果能保持正道，可以得到好運，登上王位。容易升職。） → 可以通過維護社會正確的態度和努力獲得的地位和榮譽。多年的願望成真。	上六 冥升。利于不息之貞。 （因總是升遷，雙眼被蒙蔽。焦急著上位也什麼都得不到。然而，如果能放棄這個慾望，並切換到堅持正義的立場，最終將能夠獲取利益。） → 不自省自己的地位和能力，盲目地前進會導致失敗。如果能放棄私利私慾，保持正確的社會態度，那麼最終會受益。	
47	困	困，亨。貞。大人吉無咎。有言不信。	澤水困，意味著澤（?）的水（?）從底部逃出。	升而不已必困，故受之以困。	窮困、苦難、困難、欠缺、忍耐	由於支礙和障礙，無法預期任何進展。	現在任何事都很難實現。	沒有好的相遇。	婚姻談不成。	在金錢和人際關係上有很多困擾的人。		用水的設備不好。或者建在濕地裡。	將呈下降趨勢。	旅行時發生水難。	食慾不振、精神不振、過勞引起的症狀、腎臟疾病等。	* 從底部計數，九表示陽?六表示陰(例如「初九」表示最底的陽的爻)	初六 臀困于株木。入于幽谷，三歲不覿。 （坐在樹樁上時感到臀部疼痛，不能久坐而痛苦。再來，彷彿進入深谷般一片漆黑。三年內都看不到太陽。） → 運氣正在谷底。苦難和困難重重，問題無法解決。盡量不要動，長時間忍耐之時。	九二 困于酒食。朱紱方來。利用亨祀。征凶。無咎。 （因被給予過多的酒精和食物而感到痛苦。高位的人將要穿的衣服帶過來，被強行加上自己不期望的升格。在這種情況下，最好將所獲得的用於祭祀。但是，如果前進會招來厄運。但沒有罪咎。） → 不會因為短缺而受苦，但得到的比需要的更多並受苦時。將承擔不必要的責任和義務。自己積極的做事，會招來厄運，所以要像敬拜神佛般謙虛地，淡然的對應。	六三 困于石，據于蒺藜。入于其宮，不見其妻。凶。 （因面前擋住的大石頭而受苦，因身後的荊棘而不能坐下無法冷靜。回到家也見不到妻子。因為沒有地方可以安頓下來，凶。） → 沒有地方可以讓身心平靜下來，所以無法安心。當得不到親人的支持，感到孤獨時。	九四 來徐徐。困于金車。吝有終。 （試圖幫助痛苦的同伴(初六)，但遲到了。這是因為金車 (九二) 擋住了路。遲到是可恥的，但最終還是有好事。） → 由於私情，忽略了自己應該做的事情。結果，照護困難增加了。但是，如果該行為幫助了他人，那麼苦難最終會得到回報。	九五 劓刖，困于赤絨。乃徐有說。利用祭祀。 （鼻子被上面的人割掉。腿被下面的人砍斷。在只有低志向的人的環境下，即使都給予他們高位，他們也會因為與自己的志向不同而痛苦。但是，經過很長一段時間後，會逐漸獲得積極的可喜可賀的結果。此外，祭祀神佛會帶來好運。） → 已經在困難的環境中待了很長時間，但終於看到了解決問題的跡象。以忍受困難來磨練自己的力量，長期努力就會得到很大的回報。	上六 困于葛藟于臲卼。曰動悔。有悔征吉。 （遭受緊纏的藤蔓、崎嶇的岩石區的折磨。如果現在移動，會後悔的。如果能後悔並反省自己的行為，就會前進並獲得好運。） → 因為煩惱和忙碌而無法移動，無法改善情況。只有當陷入困境時，才能反省自己的行為。 好好反省之後，可以通過積極的做事來獲得好運。	
48	井	井，改邑不改井。無喪無得。往來井井。汔至亦未繘井，羸其瓶、凶。	水風井代表一口井。	困乎上者必反下，故受之以井。	只得到需要的份、 少量就滿意、 沒有多餘也沒有不足、 生活、營養、扶養	感覺滿意的現狀，並試圖保持的態度會招來平安。	小規模的願望成真。	看似樸質，但行事要穩妥、合理。	如果想要樸質但平靜的生活，這是一個良緣。	一個沒有抱負，不顯眼的人。		請不要搬家。	如果在低價區間，會一點一點的上漲。	如果是樸素的小旅遊的話沒有大問題。	血液循環不良、支氣管疾病、腫瘤、神經衰弱等。	* 從底部計數，九表示陽?六表示陰(例如「初九」表示最底的陽的爻)	初六 井泥不食。舊井無禽。 （井裡沒水了，不能喝泥水。這麼老的古井，連鳥兒也不來喝水。） → 缺乏能力或天賦，無法成為社會需要的人。花時間提高自己的能力。	九二 井谷射鮒。甕敝漏。 （井裡僅有少量的水，勉強滋潤著住在井底部的鯽魚。如果抽井的瓶子破了漏水，就更不可能把水抽起來了。） → 雖然有未來會成功的跡象，但因為沒有來自上級的支持，地位無法向上。忍耐吃苦和困難之時。	九三 井渫不食。為我心惻。可用汲。王明並受其福。 （井裡的水清澈見底，但喝不到。同樣，有才華或能幹的聖人不被社會需要。這是一種發自內心的嘆息。如果國王有眼光，國王和那個聖人都會得到好運。） → 雖然他已經有天賦和能力，但他沒有與人的關係和時間，也沒有得到社會的評價。 您需要對自己做出積極的聲明和宣傳。	六四 井甃。無咎。 （修繕井的內壁。沒有罪咎。） → 當試圖保持現狀並防止出現缺陷和障礙而努力之時。不能指望別人的評價，但如果能為別人辛勤工作和努力，會平安無事。	九五 井洌，寒泉食。 （井裡的水很乾淨，可以喝到很多冰涼的地下水。） → 到目前為止的勤奮和努力得到回報，被幸運眷顧之時。通過放棄私利私慾並奉獻的態度來獲得好運。	上六 井?勿幕。有孚元吉。 （由於可以毫無問題地從井中取水，因此每個人都可以使用而無需蓋上布幕。如果有誠意，可以得到很大的好運。） → 當迄今為止的勤奮和努力得到回報，那個成果的喜悅可以與周圍的人分享。就算成功了，也要繼續努力。嚴禁私利私慾。那樣的話會得到更多的好運。	
49	革	革 ， 巳日乃孚。元亨。利貞。悔亡。	革這個字代表動物皮。	井道不可不革，故受之以革。	變革、改革、革命、氣象一新、扔掉舊的	改變現在的思想和姿態，需要轉變方向之時。	如果改變新的願望，就會實現。	當可能發生分離、齟齬、容易發生衝突之時。	現有的婚事並不順利。	有創新精神的人。		重建是好的。	如果是低價格範圍內，將徹底改變和飆升。	選擇一個從未去過的目的地是好的。	口腔疾病、胸部疾病、貧血等。	* 從底部計數，九表示陽?六表示陰(例如「初九」表示最底的陽的爻)	初九 鞏用黃牛之革。 （用黃色牛皮鞏固自身。） → 黃色代表中庸，牛代表順從。與其自行嘗試做某事，不如用溫和和順從的美德來鞏固自己。 改變前不要勉強自己，慎重準備。	六二 巳日乃革之。征吉無咎。 （只有在應該改變的那一天到來之後改變才是好的。那樣的話前進會招來好運，沒有罪咎。） → 必須改變的時代即將來臨，但不要著急。等待時機成熟再改變。	九三 征凶。貞厲。革言三就、有孚。 （如果前進，凶。即使做正確的事也很危險。但是，改變的時候到了，所以如果和多數人協商且三次意見都一致的話，就會被人們信任，改變就會成功。） → 必須改變的時候，但草率的行動必定會失敗。在行動之前，應該與他人慎重反覆討論，在達成堅定的共識後才能做出改變。	九四 悔亡。有孚改命。吉。 （如果是成為革命者的合適人選的話，將不會後悔做出改變。但是，首先要獲得人們的信任是很重要的。之後，將通過革命獲得好運。） → 應該實施變革之時。只是需要獲得周圍的支持。私利私慾所造成的改革，必定會留下遺憾。	九五 大人虎變。未占有孚。 （正如老虎的皮毛隨著時間的推移發生美麗的變化一樣，有影響力的人也會自我改革並徹底改變世界。但條件是在之前早就被人們信用的人物。） → 如果是從以前開始就得到周圍的人支持的人，將能夠通過實施變革和改革取得巨大的成果。	上六 君子豹變。小人革面。征凶。居貞吉。 （跟老虎的皮比起來比較劣質，但隨著時間的推移豹皮也會美麗地變化。革命成功之後君子會創造新的文化。平民百姓只是接受變化，所以不如換個表情，靜靜地跟著君子。如果採取積極的行動會招來厄運。保持靜止才是正確的行為，吉。） → 站在人之上的人是在變革或革命後邊維護邊建構計畫。如果是普通人的話維持現狀會帶來幸運。	
50	鼎	鼎，元吉。亨。	鼎是中國古代使用的三角釜。	革物者莫若鼎，故受之以鼎。	熟，成熟，更新內在，得到新的	更新的內在的時候。	現在還不成熟，但如果花時間讓它成熟，就會實現。	當看起來似乎是穩定的，但有內部問題，並有內心的變化。	不會突然談成，緩緩和諧是好的。	聽話溫順的個性。		裝修或改造等改善內部是好的。	即使上升或下降也是穩定在高價位區間。	這將是一次很好的旅行，可以讓身心煥然一新。	眼部感染、感染性發熱、心胸疾病等。	* 從底部計數，九表示陽?六表示陰(例如「初九」表示最底的陽的爻)	初六 鼎顛趾。利出否。得妾以其子。無咎。 （鼎的腳倒過來。將鼎翻過來可以將壞的東西從鼎裡面取出來。妾是低賤的存在，但妾生下的孩子將是繼任者。沒有罪咎。） → 必須去除內部不必要的東西時。能獲得上級幫助的好的。選擇一些邪惡的手段來實現一個大的目的是可以的。	九二 鼎有實。我仇有疾。不我能即。吉。 （鼎裡的內容很充實。有些人試圖讓我生病，但不是為了我。這很好。） → 當你展示你的才華時，障礙更可能發生。在某些情況下，我們周圍有些人會在錯誤的方向上邀請我們。通過謹慎決定路徑同時消除您不熟悉的事物來帶來好運。	九三 鼎耳革，其行塞。雉膏不食。方雨虧悔。終吉。 （鼎的把手脫落了，無法將鼎搬起移動。無法吃最美味的山雞湯。但是，如果保持正確的態度，就會下雨，事物會調和。那麼就不會後悔，最終會得到好運。） → 當內容是好的，但手段是錯誤的，看不見通往成功的道路之時。當然，不能得到獎勵。改變謙虛溫順的態度並保持的話，最終可以獲得好運。	九四 鼎折足，覆公餗。其形渥。凶。 （鼎的腳斷了，裡面的盛宴翻過去，灑了出來。鼎被浸濕了，凶。） → 被委以重大的任務，但由於力量不足而失敗。當過度自信或缺乏注意可能會造成很大的損害。	六五 鼎黃耳金鉉。利貞。 （金輪穿過鼎的耳朵。保持正確的道路是有好處的。） → 當可靠的下屬或後輩來時，一切順利。然而，保持警覺，並記住的謙虛的態度。	上九 君子豹鼎玉鉉。大吉。無不利。 （鼎配上寶石做成的鼎杠。大吉。任何事都有好處。） → 新的開始終於碩果累累，盡收成功。大繁榮的時期。但是，注意不要驕傲，不要忘記做一個堅強溫柔的人。	
51	震	震，亨。震來虩虩。笑言??。震驚百里，不喪匕鬯。	震為雷在六十四卦中的氣勢最大。	主器者莫若長子，故受之以震，震者動也。	動，前進，工作，震動，雷鳴，努力，學習，長子	當運氣出現突然變化的跡象時，心情無法平靜之時。	有朝著實現願望的動向，但現在還不是實現的時候。	積極的情緒油然而生的時候，但如果照原樣進行，就會發生衝突。	親事不穩定，難以結合。	活潑有行動力。		在現在的住家無法平靜。	當上下劇烈變化時。	由於準備不足，有很多障礙。	瘋狂、歇斯底里、肝病、足病、外傷等。	* 從底部計數，九表示陽?六表示陰(例如「初九」表示最底的陽的爻)	初九 震來虩虩。後笑言??。吉。 （地震來臨的瞬間，人們畏懼地四處張望。但在那之後，會變得能發出笑聲般的平穩。沒有罪咎。） → 令人驚訝的事情發生了，但大多數時候是安全的。但是，嘴上說安全也不要大意，要小心不要犯錯。那樣的話會得到好運。	六二 震來厲。億喪貝，躋于九陵。勿逐。七日得。 （因為地震很危險。失去了很多資產，不得不爬上高山撤離。但是，即使不去追損失的資產，在七天後也會回來。） → 當突如其來的災難發生，不得不暫時譴責之時。最好遠離危險的東西。即使失去些東西，也會擅自回到手邊，所以不必試圖去勉強找回來。	六三 震蘇蘇。震行無眚。 （地震發生，害怕得無法站到最後。如果在地震發生後向前走，要小心，不要犯錯誤就不會有災厄。） → 因為對自己的能力過度自信而得不到任何東西感到失望時。如果在那之後能反省，災厄就不會到來。如果不能改善自己的缺點，就會導致更大的災厄。	九四 震遂泥。 （嘗試激勵自己，但最終掉進泥沼裡。） → 沒有得天獨厚的環境和條件，無法展示自己的能力。但不要放棄前進。繼續後，道路將打開。	六五 震往來厲。億無喪有事。 （發生地震，去哪裡都很危險。但如果保持中庸，不會遭受很大的損失。） → 一場突如其來的災難發生，將被置於一個混亂的環境中。在這種時候，如果能不驚慌失措且冷靜行動，就可以將損失降至最低。	上六 震索索。視矍矍。征凶。震不于其躬，于其鄰 無咎。婚媾有言。 （地震發生，失去了氣力。無法冷靜下來，只能四處張望。繼續前進是不好的。不過，如果能在災害波及到自身前，將身旁的災害掌握住，提前做好準備的話，沒有罪咎。婚事會被反對。） → 一場突如其來的災難發生了，自己的氣力萎靡。不能冷靜地行動，如果就這樣前進的話，會變得不幸。為了不要變得不幸，看他人的行動，學其好的，改正壞的。	
52	艮	艮其背不獲其身。行其庭不見其人。無咎。	艮代表山，並以正直和溫暖頑固地留在原地。	物不可以終動，止之，故受之以艮，艮者止也。	停止、不動、塞住、沉默、痛苦、誠實、固執	運氣停滯不前，任何事情都不能一帆風順。	有很多麻煩，不能如願。	因消極態度而傾向於被孤立時。	出了點問題，親事沒有談成。	保守而固執的人。		最好增加樓層數並往上增建。	在高價區間停止。	旅行中很可能會發生麻煩和受傷。	腦出血、背痛、脊髓疾病、背痛、跌打損傷等。	* 從底部計數，九表示陽?六表示陰(例如「初九」表示最底的陽的爻)	初六 艮其趾。無咎。利永貞。 （當腳移動時，應該最先移動的腳趾停止住了。因為沒有動作所以沒有罪咎。但是，請留心長久保持正確的道路。） → 克制住前進，並通過停下不動來獲得安全時。同樣重要的是放棄私利私慾和保持謙虛和正確的態度。	六二 艮其腓。不拯其隨。其心不快。 （抑制在小腿。想保住上面的腰部，卻因為力氣不足，只好聽從壞腰的話。因此，心中不快。） → 想動也動不了。知道上級命令是不正確的，但別無選擇，只能服從。感到不快之時。	九三 艮其限。列其夤。厲?心。 （腰停止住了。因為該動的東西不動了，背部肌肉好像被撕裂了。因其固執不動，為上、下、左、右的人所憎恨。像是心被火燻黑般的危險。） → 被周圍的人討厭，孤立無援。前進或停下來也無法克服這種情況，但只能停下來。當焦慮無止境之時。	六四 艮其身。無咎。 （軀幹停止。與腿部和腰部不同，軀幹是必須停下來時能抑制。沒有罪咎。） → 了解自己的立場和能力，保持在適當的位置不要動。保持安靜是安全的。	六五 艮其輔。言有序。悔亡。 （嘴停止。但是，發言時有秩序。如果有秩序，擔心的遺憾就會提前消失。） → 節制說話。什麼都不說，穩紮穩打是好的。那樣做焦慮就會消失。	上九 敦艮。吉。 （最後，做一個完美的停止。吉。） → 事情結束的方式很重要。當迄今為止的艱辛和努力結出碩果。得到好運。	
53	漸	漸，女歸吉。利貞。	巽（?）的樹是在艮（?）的山上逐漸成長的卦象。	物不可以終止，故受之以漸，漸者進也。	緩緩地往前走、循序漸進、結婚	運氣會逐漸向上。	如果循序漸進的話，願望就會實現。	對方懷抱好意靠近，而這方卻是背道而馳。	這是對方想要的。由這方來前進謀求進展，吉。	性格溫順聽話，但內心固執。		目前沒有問題。把在意的部分翻新就好了。	可以期待將來的成長。逐漸走向高價。	不要著急，從容地制定計劃為好。	頭痛、頭暈、胃腸功能低下等。	* 從底部計數，九表示陽?六表示陰(例如「初九」表示最底的陽的爻)	初六 鴻漸于幹。小子厲。有言無咎。 （水鳥前進到水邊。這對兒童來說是危險的。但是，如果對於前進猶豫不決，可能會被周圍的人抱怨，但沒有罪咎。） → 儘管缺乏經驗仍前進而感到動力不足或失敗時。這可能會導致與他人發生衝突。不過，前進也不是壞事，所以最好是在制定計劃的同時，一點一點地充實內容為好。	六二 鴻漸于磐。飲食衎衎。吉。 （水鳥前進到大岩石。岩石堅硬而平坦，因此很穩定。這是好事，因為可以盡情地吃喝，吉。） → 在上級的支持下，可以不費吹灰之力就過上安穩的生活。但是，請注意不要放鬆警惕。不要怠慢努力。	九三 鴻漸于陸。夫征不復、婦孕不育。凶。利禦寇。 （水鳥前進到陸地。丈夫離開家後沒有回來。即使妻子懷孕了，也不會扶養那個孩子。凶。然而，可以通過建造堡壘防止外敵入侵。） → 因為自己的武斷行為被孤立。也得不到任何利益或成功。凶。外界有批評和攻擊，但這些表面問題是可以解決的。	六四 鴻漸于木。或得其桷。無咎。 （水鳥前進到樹上。在樹上不穩定，但在扁平木材上穩定。沒有罪咎。） → 不安，但通過跟隨有能力的人來獲得支持。如果不試圖滿足私慾，那就不是壞事。	九五 鴻漸于陵。婦三歲不孕。終莫之勝。吉。 （水鳥前往高的山丘。由於種種障礙，妻子三年無法懷孕，但最終克服了障礙，獲得好運。） → 正在走向成功的道路上，但有一段時間遇到了各種障礙和麻煩，無法順利進行。但不必放棄或選擇另一條道路。如果專注於這條道路並繼續努力，最終會成功。吉。	上九 鴻漸于陸。其羽可用為儀。吉。 （水鳥行至雲道。鳥飛向天空不回來了，但用掉落羽毛來裝飾儀式。吉。） → 當努力富有成效並成功時。但不應該想要更多的利潤。像隱士一樣生活，留下可以作為他人榜樣的教義。這樣做會帶來好運。	
54	歸妹	歸妹，征凶。無攸利。	意味著兌（?）少女嫁給了震（?）長子的卦象。	進必有所歸，故受之以歸妹。	婚嫁，對男人不利，對女人有利，差錯，誤會，違約	因為輕率的行動導致差錯和錯誤而發生時。	願望很難實現。	暫時因情慾而結合，不平衡的關係。	如果著急，凶。不要談成較好的狀況很多。	內心是一個溫順平庸的人。		如果是第二間房子之後的房子，沒有問題。	有很多湍流，不會按照預期。	宜推遲。	精神病、外傷、性病等。 原因大多是由情慾和男女關係的問題。	* 從底部計數，九表示陽?六表示陰(例如「初九」表示最底的陽的爻)	初九 歸妹以娣。跛能履。征吉。 （到姐姐的夫家，自己也作為照護的人出嫁。這就像是跛腳的人卻想行走，無法走遠。然而，向前邁進是件好事。） → 不能展現自己的才華和能力。可以通過幫助別人和扮演配角來獲得好運。	九二 眇能視。利幽人之貞。 （即使試圖用一隻眼睛看東西，也理所當然不能很好地看清事物。作為隱士保持正義是件好事。） → 當努力沒有得到回報忍耐之時。但是，即使不被別人理解，也要堅持自己的姿態和態度。	六三 歸妹以嬬。反歸以娣。 （必須等待很長時間才能結婚。回到老家，有可能作為某人的照護人而結婚。） → 即使追求理想，也不會得到任何東西，相反，將失去自己的價值。	九四 歸妹愆期。遲歸有時。 （想結婚，但已經過了適婚年齡。不過，如果晚婚沒關係的話，一定會結婚的。） → 在努力結出果實前，忍耐並等待時機之時。至今尚未成功是因為，機會還沒有到來。某天機會會來的，繼續努力。	六五 帝乙歸妹。其君之袂，不如其娣之袂良。月幾望。吉。 （天子將最小的女兒嫁給了一個有權勢的人。這個女兒的和服袖子，沒有照護人的和服好看。和服是樸素的，但就如同滿月的月光般，這個女兒熠熠生輝時間很近了，吉。） → 充實自己的內在。如果能保持謙虛的態度，就會獲得人性的美德。與其追求眼前的利益，不如制定一個大計劃來實現自己的理想。	上六 女承筐?實，士刲羊?血。無攸利。 （女性結婚時帶來的手提箱裡沒有任何東西。將變成丈夫的男人為了婚禮的儀式剖開羊時，不吉的沒有流血。沒有任何利益。） → 即使表面被裝飾，但內在空泛。缺乏誠意而帶來麻煩和災難。	
55	豐	豐，亨。王假之。宜日中。	將離的智慧（?）與震（?）的敏捷相結合，事情將成功。	得其所歸者必大，故受之以豐，豐者大也。	盛大、豐盛、盛衰、力求維持現狀、切勿大意、飽和	運氣好的時候。不過，既然現在是高峰，運氣就會逐漸下降。	如果保持誠實並運用智慧和行動，就會實現。	注意不要過於熱衷。	看似美滿的婚姻，但彼此之間有猜疑和秘密，需要時間來調和。	才華橫溢，有行動力。		根據需要進行翻新很好。	猛漲，但很快達到最高價，然後急劇下跌。	在旅行之前計劃好為好。	眼疾、高燒、心血疾病、精神障礙、神經系統疾病等。	* 從底部計數，九表示陽?六表示陰(例如「初九」表示最底的陽的爻)	初九 遇其配主。雖旬無咎。往有尚。 （會遇到成為自己配偶的丈夫。即使遇到的天數超過十天也沒有罪咎。因為如果去老公身邊，就會被珍惜。） → 找一個將自己視為珍寶，身分地位比自己高的人物。 聽從對方的意見和建議。	六二 豐其蔀。日中見鬥。往得疑疾。有孚發若，吉。 （使遮陽的百葉窗更大。變得可以在白天看到北斗七星這麼暗。如果在黑暗中還願意與人相遇，會被懷疑和憎恨的吧。不過，要是能用誠意打開對方的心，吉。） → 自己的親切和善意被人誤解，尤其是被上級誤解。不過，即使如此也能真誠地對待對方的話沒有問題。 得到好運。	九三 豐其沛。日中見沫。折其右肱。無咎。 （使長窗簾更大。變得可以在白天看到小星星這麼暗。就像重要的右肘斷了一樣，無法展現自己的力量。不過，在這片黑暗中努力過，沒有罪咎。） → 苦於進退之時。時機和條件不好，不能發揮自己的能力。然而，努力不會白費，所以一定要採取適當的行動，並等待機會。	九四 豐其蔀。日中見鬥。遇其夷主。吉。 （使遮陽的百葉窗更大。天太黑了， 變得可以在白天看到北斗七星這麼暗。遇到和自己一樣德行的丈夫，合作，會獲得好運。） → 上級不可信，所以最好與下屬或年輕的智者一起合作。那樣會得到好運。	六五 來章，有慶譽。吉。 （能請有美德的下位聖人到自己身邊來的話，就會得到好運和名譽。） → 請善於表達美麗和華麗的人發送情報是好的。這樣做，將獲得好運並且非常成功。	上六 豐其屋，蔀其家。闚其戶，闃其?人，三歲不覿。凶。 （使屋頂更大。 進一步用家裡的百葉窗蓋住。從門口往裡看，裡面很安靜，感覺不到任何人跡。即使過了三年也沒有人走出家門。沒有和任何人見面，孤立的狀態。凶。） → 他失去了他的同事和親密的朋友和變得孤立。原因是他在運氣上升的時候沒有採取對抗運氣的措施。充分反思並為下一個機會做好準備。	
56	旅	旅，小亨。旅貞吉。	火山旅是表示旅行者在山(?)上升火(?)露營的樣子。	窮大者必失其居，故受之以旅。	無目的地的旅行、流浪、移動、迷路、不安、孤獨	當運氣不穩定，難以安定下來的時候。	小願望就會實現。	由於彼此缺乏信任和誠實，因不安而分手。	一場因為偶然相遇為契機的婚姻。	不喜歡與人交流，單獨行動的類型。		一個不舒服的住所。	即使有上升的跡象，也不會輕易移動。	旅遊是好事，因為這會增加你的運氣。	躁鬱?症、發熱、肩部和腰部關節痛等。症狀有起有落。	* 從底部計數，九表示陽?六表示陰(例如「初九」表示最底的陽的爻)	初六 旅瑣瑣。斯其所取災。 （旅行時，心裡的餘裕漸漸消失。地位低下的小人物去旅行，就更小氣。這會導致更多的災難。） → 堅持小東西會造成巨大的傷害。 當所處的環境不好時，專注於保護自己，不要做任何不相稱的事情。	六二 旅即次，懷其資，得童仆貞。 （旅行中最放鬆的時刻就是抵達住宿的地方的時候。心裡變得最富足的是當口袋裡有足夠的錢時。心裡最有餘裕的時候是當得到一個忠實的僕人。） → 經常每天都沒有餘裕，但這是難得感到安心的時候。不缺資金和物資，得到下屬的配合。通過與他人合作來獲得好運。	九三 旅焚其次，喪其童仆。貞厲。 （旅行時住的旅館著火了。帶著僕人逃跑。即使這次旅行的目的是正確的，這一次也很危險。） → 動機正不正確也無關，以自我為中心的方式行事會導致災難。將與信賴的人發生衝突，變得孤立無援。	九四 旅于處，得其資斧。我心不快。 （旅行時，得到一個安頓下來的地方和露營時必要的好斧頭。但仍然不舒服，感覺不到愉快。） → 當事情沒有按照所想的方式發展，感到困惑時。當前的環境和位置是不舒服和不穩定的。	六五 射雉，一矢亡。終以譽命。 （試著射一隻雉，但第一支箭鬆脫遺失了。但最終，會射殺雉來獲得榮譽和爵位。） → 在剛開始的時候，多少有一些失誤和損失，但在最後，達成目標，得到巨大成就時。	上九 鳥焚其巢。旅人先笑，後號咷。喪牛于易。凶。 （高處俯視人的鳥的鳥巢被燒毀。如果旅客不謙虛，只有剛開始能笑。之後，他失去了自己的歸屬哭了起來。牽來的牛在邊境遺失。凶。） → 身居高位欣慰，因粗心或傲慢而跌落之時。除了失去自己的歸屬，還會被他人憎恨。凶。	
57	巽	巽，小亨。利有攸往。利見大人。	巽（?）是一個卦，其下陰爻跟隨兩個上陽爻。	旅而無所容，故受之以巽，巽者入也。	服從，躺下，入侵，迷惘	不知所措，無法做出決定，心思不定的時候。	如果能以柔軟的態度來臨機應變的話，小願望就會實現。	彼此之間有很多迷惘，關係不穩定。	這是對方想要的，所以如果回應的話就能談成。	跟隨人，不反抗上司的人。		如果把房子用於作生意，尚可。	上下浮動很多，不穩定。	宜去計劃外的小旅行。	感冒、憂鬱、神經痛、傳染病、感染病、腸道疾病、性病、痔瘡等。	* 從底部計數，九表示陽?六表示陰(例如「初九」表示最底的陽的爻)	初六 進退。利武人之貞。 （進退兩難，無法做出決定。如果能像戰士一樣以勇敢的態度做出決定，會得到利益。） → 有很多猶豫和優柔寡斷，最終以無功而返。做好失敗和損失的覺悟，即使勉強自己也要邁出第一步。帶著自信和信念，盡可能多嘗試。	九二 旅即次，懷其資，得童仆巽在?下。用史巫紛若。吉無咎。 （在神面前謙卑，趴在床底下。如果能用大量的神官和巫女，用語言表達對神的誠心，吉， 沒有罪咎。） → 保持謙虛的態度，用言語表達誠意。特別是如果聽從上級的意見，就會得到好運。	九三 頻巽。吝。 （因為地位高，所以只在表面上假裝謙虛地。這是一件非常可恥的事。） → 做違心的事，肯定會遇到困難，丟臉。失去信賴和時間，卻一無所獲。	六四 悔亡。田獲三品。 （悔恨消失。正如狩獵的話就獲得大量獵物一樣，可以通過一些行動來獲得好結果。） → 當以柔順的態度建立起一段圓滑的關係時，就能獲得上級的信任和下級的幫助。一切順利。然而，大的願望不會實現，所以最好在有大事的時候停下來。	九五 貞吉。悔亡。無不利。無初有終。先庚三日，後庚三日。吉。 （如果保持正確的道路，吉，悔恨就會消失。一切都利益的。悔恨在剛開始時不會消失，但會在最後消失。變更事物的狀況下，那前後三天小心為好。） → 如果繼續謙虛地努力，一定會得到結果。一開始很擔心，但最終還是平安無事地結束了。 帶著堅定的信念，重要的是要持續下去。另外，如果事物變更的情況下，在那前後都要慎重來獲得好運。	上九 巽在?下。喪其資斧。貞凶。 （雖然身居高位，卻趴在床邊，過於謙虛。已經失去了象徵高尚美德的鋒利斧頭。凶。） → 即使希望對方喜歡你，也不要過度諂媚。這是破壞自己原本擁有的美德和判斷力的行為。將會失去地位和信任，凶。	
58	兌	兌，亨。利貞。	兌（?）在下爻?中爻有安定的陽爻，上方的陰爻可以安心享受，因此被視為「喜悅」的象徵。	入而後說之，故受之以兌，兌者說也。	喜悅(歡喜)、和藹可親、娛樂、幽默、聊天、能說會道	很多喜悅和快樂之時。	如果保持謙虛的態度，願望就會實現，心就會快樂。	對對方釋出好意，但對方不看這邊。	對方不想結婚。	和藹而開朗的個性。		不宜搬家。	基本上，在低價範圍內穩定下來。	慰勞旅行的好時機。	口腔疾病、肺部疾病、消化系統疾病、腎??膀胱疾病、性病、受傷?外傷等。	* 從底部計數，九表示陽?六表示陰(例如「初九」表示最底的陽的爻)	初九 和兌。吉。 （由於對上下關係不感興趣，可以純粹的讓人們快樂。吉。） → 如果一心試圖取悅面前的人，無論身份或地位如何，一切都會順利。	九二 孚。吉。悔亡。 （用信念讓人們快樂。那樣做會獲得好運，不會後悔。） → 如果帶著堅定信念的同時，以真心努力取悅人們，吉。通過認真對待，將不必擔心。	六三 ?兌。凶。 （試著取悅地位比自己低的人。凶。） → 為了眼前的快樂，或者為了排場，行為方式缺乏誠實。將失去信譽，凶。	九四 商兌。未寧，介疾有喜。 （權衡是否應該快樂。因此，心情無法休息。這就像得了一場小病，但如果下定決心，最後就會得到快樂。） → 因為眼前的快樂，或者是因為排場，心中迷惘。儘管如此，如果嘗試擁有堅定的信念，那麼幸運最終會到來。	九五 孚于?。有厲。 （如果相信一個試圖剝奪自己意志力量的小人的話，這將是危險的。） → 周圍都是試圖取悅自己的小人。因為自己的自信和美德，小人會靠近，但讓這些小人靠近是危險的。	上六 引兌。 （一個地位很高的人物試圖討下位的人的歡心。不過，不知道對方是否開心，所以退了一步。） → 僅僅為了滿足自己的願望而波及到第三者，結果是失去信任。	
59	渙	渙，亨。王假有廟。利涉大川。利貞。	是巽（?）之風吹，坎（?）之水散落的卦象。	說而後散之，故受之以渙，渙者離也。	渙散，離散、驅散煩惱，出發去冒險，出航去遠方	對於經歷過困難和磨難的人來說，是擺脫困境，提高運氣之時。	如果能祭祀祖先的靈，並驅散痛苦的話願望就會實現。	由於有離散的含義，會解除與對方的關係。	既然有離散的意思，婚姻談不成解除了。	不能專心做一件事，情緒變化很大的人。		新建築很好。	由於人氣的分散而有下跌的趨勢。	宜遠行。	感冒、腎臟?膀胱?尿道等疾病、腸道疾病、血液疾病、生殖器疾病、痔瘡、食物中毒、腹瀉、耳?鼻疾病等。	* 從底部計數，九表示陽?六表示陰(例如「初九」表示最底的陽的爻)	初六 用拯。馬壯。吉。 （如果被一匹強壯馬拯救的話，可以把那些離散的人帶回來。吉。） → 使長輩成為有力的盟友並跟隨那個人的話，能阻止離散，是件好事。	九二 渙奔其机。悔亡。 （處於離散狀態時，跑到了一個平靜的地方。沒有悔恨。） → 即使在困難的情況下，也可以獲得可靠的人和事。今後對未來充滿希望時。	六三 渙其躬。無悔。 （消散自己的私利，為世界工作。沒有悔恨。） → 捨去排場或門面等利己的感情，以自我犧牲的精神努力克服困難。這將打開運氣。	六四 渙其群。元吉。渙有丘。匪夷所思。 （解散私黨。大吉。 通過解散私黨，可以實現更大的團結。人們就像一座山一樣聚集在一起。這是普通人無法企及的。） → 解散私人聚會，通情達理之時。該行為將形成一個更大規模的聚會，並將成為巨大成功的根本。	九五 渙汗其大號。渙王居。無咎。 （當天下離散時，國王發出正確的命令。國王的私有財產如果分散給人民，就可以避免天下離散，沒有罪咎。） → 為了獲得更大的財富，現在必須捨去私有財產。然而，只有那些能夠站在別人之上，承擔重任的人才能做到這一點。	上九 渙其血，去逖出。無咎。 （讓會成為障礙的東西離散。離開受災地區，到遠方，沒有罪咎。） → 為了從困難或辛苦終被解放，就要遠離因緣。如果能搬到一個不受影響或干擾的地方，就能獲得平安。	
60	節	節，亨。苦節不可貞。	在澤 (?) 上有水 (?) 的形狀。	物不可以終離，故受之以節。	節度、節操、節制、節約、貞節	一步一步穩定前進時。	如果繼續穩步前進，時機很快就會到來。	對方有煩惱和秘密，發展關係需要時間。	在適度約會後走到一起的良緣。	保持節制的人。		任何小規模的改造都可以。	保持在低價範圍內，沒有大的變動。	如果是在附近的短途旅行是可以的，但不要走得太遠。	口腔疾病、肺部疾病、消化系統疾病、腎臟?膀胱?尿道疾病等。	* 從底部計數，九表示陽?六表示陰(例如「初九」表示最底的陽的爻)	初九 不出戶庭。無咎。 （不離開中庭。 如此慎重則沒有罪咎。） → 不要堅持自己的主張，應不顯眼地行事。即使有人邀請也應該小心拒絕。	九二 不出門庭。凶。 （不離開大門內側的庭院。該離開的時候到了，但錯過了時機，凶。） → 應該敢於積極行動時。如果維持現狀，就會錯失良機，招來衰運。	六三 不節若，則嗟若。無咎。 （如果不能保持節度的話，就只能嘆息。不能責怪任何人，因為是自己招來的災難。） → 忘記節制而做出不合適的行動，招來失敗和挫折。因為是自作自受，深刻的反省。	六四 安節。亨。 （可以不勉強輕鬆自如地節制。願望會實現。） → 努力充分了解自己的實力和角色來保持自然和謹慎的態度時。這樣，上司就會站在自己這邊，願望就會實現。	九五 甘節。吉。往有尚。 （由於認真地控制自己的慾望，即使管理別人，也能被接受。吉。再繼續前進，就會有一個萬人景仰的功勞。） → 謹記謹慎言行，不為才能或力量所惑。事情進展順利，得到安泰。	上六 苦節。貞凶。悔亡。 （過度痛苦的節制。誤以為這是正道是不好的。如果後悔並改變，厄運就會消失。） → 太固執於節製而失敗。縱使受苦克制，也只會招來厄運。如果能反省並保持寬容的態度，就可以擺脫痛苦。	
61	中孚	中孚，豚魚吉。利涉大川。利貞。	當巽（?）的風吹來時，澤（?）的水就會隨之而動。	節而信之，故受之以中孚。	親和、和諧、調和、親密、誠心、愛情、欽慕	通過對話促進人際關係可以提升運氣。	如果與周圍的人際關係每天都圓滑的話願望就會實現。	相思相愛的關係。	彼此想要，良緣。	與周圍環境融洽、合作度高的人		外觀不錯，內部卻有不滿。	條件滿足，有上升趨勢。	如果重視人際關係，旅行是件好事。	憂鬱、神經痛、傳染病、感染病、發燒、性病等。	* 從底部計數，九表示陽?六表示陰(例如「初九」表示最底的陽的爻)	初九 虞吉。有它不燕。 （如果能夠對對方是否值得相信做出堅定的推測的話，吉。一旦相信了，就應該對對方徹底誠實。如果變心到他人身上，就會失去一個安穩的地方。） → 好像可以信任的人出現，也不要輕易相信。首先，慎重識別對方，如果確定可以信任的話，請對那個人盡力而為。	九二 鳴鶴在陰，其子和之。我有好爵。吾與爾靡之。 （鶴在黑暗的樹蔭下鳴叫。即使看不到，孩子也會尖叫著回應父母的聲音。因為心是相通的。現在得到想要的爵位，但不想獨佔。與信任的人分享自己的爵位。） → 如果真誠待人，不要求也會得到周圍的人的支援。通過與他人分享快樂和利益來讓彼此好運。好好照顧長輩。	六三 得敵。或鼓或罷，或泣或歌。 （敵人出現。持續擊鼓來攻擊這個敵人的話，有可能撤退。為自己無法進軍而痛哭的話，與敵人和平共處歡喜歌唱也有可能。） → 因為自己的私利私慾而採取輕率的行動時。一切都是半調子，最終導致失敗和挫折。	六四 月幾望。馬匹亡。無咎。 （ 月亮快到滿月。失去一對馬。沒有罪咎。） → 丟掉私人無聊的緣分，並與可以實現大義的人聯繫。	九五 有孚攣如。無咎。 （互相有共同的信念而聯手。沒有罪咎。） → 志同道合的同志，尤其是下屬等晚輩合作為好。不要自我中心來行事。	上九 翰音登于天。貞凶。 （一隻不會飛的雞試圖飛上天。即使信念是正確的，也是壞的。） → 對自己的能力過於自信，渴望不相稱的事物。由於能力不足，導致失敗和挫折，失去周圍人的信任。	
62	小過	小過，亨。利貞。可小事，不可大事。飛鳥遺之音。不宜上，宜下。大吉。	小過（?）的卦是，其中陰在中間被陽侵染。	有其信者必行之，故受之以小過。	有點走得太過，有點太過度，悖反，離反，小事可以，大事不可，前進警戒，退步是好	對不符自己能力的事出手，進退兩難。	願望有點太大了，暫時讓步是好的。	由於寄予厚望，容易彼此分開。	因意見不合導致婚姻不協調。	與他人意見不合的人。		現在的居住環境不好。	因為小的因素有小幅上漲。	最好取消。	精神疾病、肢體疾病、外傷、腸道和腎臟疾病、血液循環不良、腹瀉等。	* 從底部計數，九表示陽?六表示陰(例如「初九」表示最底的陽的爻)	初六 飛鳥以凶。 （就像一隻飛得太高的鳥。因為不知道下降，凶。） → 由於野心過大，會導致禍害。收斂地保持現狀是好的。	六二 過其祖，遇其妣。不及其君，遇其臣。無咎。 （沒有九五的祖父，所以通過祖父。然後，遇到了六五的祖母。同樣，沒有九五的君主，所以不能達到君主。然後，遇到了成為臣下的六五。沒有罪咎。） → 如果保持謙虛和溫順的態度，即使沒有得到想要的最好的結果，也能得到合理的結果。	九三 弗過防之，從或戕之。凶。 （目的地有一個惡人在等待。無法過去。甚至可能會被殺死。凶。） → 運氣最差的時候。無論做什麼，大多都無法順利進行。此外，可能會遇到意想不到的災難。	九四 無咎。弗過遇之。往厲。必戒。勿用永貞。 （如果保持安靜，就沒有罪咎。與惡人相遇，也不能讓惡人先通過。然而，自發去征討惡人是很危險的。一定要小心。不要試圖永遠堅持正義。） → 當情況或環境不好時，要非常小心，不要讓它繼續惡化，需要非常用心。積極的行為會導致惡化。保持謹慎態度並靈活應對，以確保安全。	六五 密雲不雨。自我西郊。公弋取彼在穴。 （即使雲層比西郊厚，也還是不下雨。君主射出一箭，俘獲了潛伏在洞中的六二，並用它作為自己的助手。） → 即使有實現願望的意欲，也無法實現。當一切都不如自己所願時。現在就專注於培養有前途的下屬，並為即將到來的機會做好準備。	上六 弗遇過之。飛鳥離之。凶。之謂災眚。 （再也不會遇到找麻煩的人擋路，高高的飛過。會受到厄運的打擊，就像一隻飛翔的鳥被箭射中一樣。這叫天災，人禍。） → 如果對自己的能力過於自信而盲目前進，就會陷入困境。會導致失敗、挫折和批評。自作自受。	
63	既濟	既濟，亨小。利貞。初吉終亂。	由於所有的陽爻都在奇數位，所有的陰爻在都偶數位，所以六個爻都在正確的位置的卦象。	有過物者必濟，故受之以既濟。	完成，結束，集齊需要的一切，有條理的談話，沒有多餘也沒有不足	因為現狀是有安定的運氣，所以做一些小事是好的。	完成?達成面前的願望正在穩步實現。	戀愛得以成功，起初有很大的親和力。	婚姻沒有任何問題就談妥了。	有常識和善於交際，但沒有個性的人。		目前，住起來已經很舒服了。	當前價格將保持不變。	將是一次安定而愉快的旅行。	腎臟、膀胱、尿道、心臟?血液、生殖器疾病等。	* 從底部計數，九表示陽?六表示陰(例如「初九」表示最底的陽的爻)	初九 曳其輪，濡其尾。無咎。 （從後面拉汽車的車輪。狐狸弄濕了尾巴。如果在過河時發生這種情況，就不容易過河。如果慎重的話，就沒有罪咎。） → 避免激進的前進或輕率的行動。保持謹慎態度很重要之時。	六二 婦喪其茀。勿逐。七日得。 （因為丟失了車內使用的遮蔽物，婦人無法掩飾自己的臉。但是，不必特地搜索，會在七天內自己回來。） → 為了得到名聲名譽而失去了需要的東西或機會。但不後悔。如果繼續謙虛地努力，很快就會得到失去的東西。	九三 弗過高宗伐鬼方。三年克之。小人勿用。 （一位名叫高宗的王擊敗了敵國的鬼。花了三年終於勝利。那怕是有功之臣也不是每個人都能晉升到官位。對小人物最好用錢留住。） → 到現在的辛苦得到回報之時，但不能承受太多損失。不要大意和自豪，首先鞏固現狀。	六四 繻有衣袽。終日戒。 （船破了一個洞，浸水了，所以用一塊布把洞堵住。事前精心準備，整日保持警惕。） → ，無論現狀多麼平穩，會發生想不到的麻煩或錯誤之時。即使是小事也不要忽視，要非常小心和警惕。	九五 東鄰殺牛，不如西鄰之禴祭，實受其福。 （東鄰家殺牛舉行豪華的祭典，但如果祭典不真誠，連西鄰家簡約的祭典都比不上。真誠帶來真正的好運。） → 即使在高位也不要驕傲，不要鋪張排場，應回歸初心之時。如果能再次採取樸素謙遜的態度，就會帶來好運。	上六 濡其首。厲。 （狐狸過河時，弄濕了頭。危險。） → 迄今為止安定的東西面臨著崩潰的危機。凡事都要謹慎對應，即使處境艱難。	
64	未濟	未濟，亨。小狐汔濟、濡其尾。無攸利。	由於在奇數位有陰爻，在偶數位有陽爻，所以未濟的爻都不是正位。	物不可窮也，故受之以未濟終焉。	未完成，不成熟，為時尚早，逐漸和諧，逐漸團結	目前，問題很多，不協調，但情況正在逐步好轉和協調。	如果繼續耐心地努力，最終會實現。	起初不和諧，因為彼此都很有原則。	目前，問題很多，但隨著時間的推移會得到解決。	外表光鮮，內心憂愁的人。		對不滿意的地方進行修復和翻新是好的。	最初低價，但逐漸上升到高價。	請注意準備階段的失誤，例如遺失物或預訂的錯誤。	精神疾病、腎臟?膀胱?尿道疾病、心臟?血液疾病、眼部疾病等。	* 從底部計數，九表示陽?六表示陰(例如「初九」表示最底的陽的爻)	初六 濡其尾。吝。 （狐狸試圖過河，弄濕了尾巴失敗了。應該感到可恥。） → 過度自信會導致失敗。只專注於合適的事情，想做大事的話要等待機會。	九二 曳其輪。貞吉。 （從後面拉一輛試圖過河的汽車。能駕馭而不盲目，才可以說是正確的態度。吉。） → 現在是克制自己並發展自己能力的時候。如果用心等待，以後就會立下大功。	六三 未濟。征凶。利涉大川。 （事情還沒有定下來。如果積極地前進，凶。然而，在過河時保持膽小謹慎是一個優勢。） → 基本上，現在還為時過早，因此應該避免採取積極的行動並發展自己的能力。但是，如果在機會到來時有足夠的信心的話，則可以完全繼續進行。	九四 貞吉悔亡。震用伐鬼方。三年有賞于大國。 （繼續保持正道是好的，可以防止後悔於未然。 用氣勢和勇氣來激勵自己，打敗敵國的鬼方。如果花三年的時間，可能會得到國家的獎勵。） → 以前不可能的事情可以通過進一步的努力來實現。然而，不能立即實現，需要很長時間。	六五 貞吉無悔。君子之光。有孚吉。 （通過保持正道獲得好運。沒有遺憾。有一種像君子一樣閃耀的美德。有誠實。 因此會得到更多的好運。） → 當迄今為止的努力和謙虛的態度取得成果並獲得好運時。但是，保持警惕並保持努力和謙虛的態度是好的。那樣的話就會得到更多的好運。	上九 有孚于飲酒。無咎。濡其首，有孚失是。 （事情不順利時，一邊喝酒一邊享受時光，最好是泰然地等待。但是，如果喝了太多的酒的話，就會失去泰然的態度。） → 不必對迄今為止看似不可能的事情過於悲觀。只需要冷靜下來等待機會。但是，如果不小心，就會出錯。 保持節度是很重要的。	
